,Sensor Ext 1,,,,,,Sensor Int 1,,,,,,Sensor Int 2,,,
Time,Temperature,Humidity,CO2,VOC,CO,Particulate,Temperature,Humidity,CO2,VOC,CO,Particulate,Temperature,Humidity,CO2,Printer Status
00:00:07,27.5,48.83,436,145,0.07,29,22.04,50.88,492,1,0.55,7,24.52,34.42,499,ERROR
00:01:07,22.89,41.84,585,136,2.76,17,22.78,42.32,387,233,4.26,14,21.66,32.09,416,PAUSED
00:02:07,20.82,53.45,404,306,1.56,20,23.71,39.42,571,316,4.27,50,24.58,47.48,501,ERROR
00:03:07,19.64,55.75,577,460,4.19,32,21.32,43.19,524,79,3.44,18,25.62,31.02,463,PRINTING
00:04:07,24.99,43.09,519,113,0.33,19,24.14,56.82,478,302,2.21,4,19.25,39.88,473,IDLE
00:05:07,21.87,40.57,436,387,2.53,37,21.9,52.87,399,375,4.55,13,20.78,36.96,487,PRINTING
00:06:07,21.59,37.58,553,459,3.76,16,26.75,43.12,585,437,2.27,13,25.09,39.38,460,ERROR
00:07:07,24.37,38.28,588,338,3.6,13,18.95,42.76,593,345,3.78,33,26.43,47.92,584,IDLE
00:08:07,22.99,31.09,599,359,1.68,37,27.55,47.16,467,442,3.93,50,26.81,53.02,388,PRINTING
00:09:07,27.85,45.71,514,426,2.67,24,24.89,33.19,590,301,3.37,23,25.91,51.32,436,PAUSED
00:10:07,25.18,55.95,521,310,2.99,26,21.78,34.52,520,115,0.87,5,18.73,46.94,532,ERROR
00:11:07,18.58,35.52,553,282,3.72,18,23.23,59.66,493,493,3.12,3,20.0,44.88,463,PAUSED
00:12:07,20.0,48.63,598,242,1.66,23,21.36,40.51,494,113,3.85,8,21.53,35.31,502,ERROR
00:13:07,23.4,40.64,529,82,1.81,7,18.07,58.06,515,239,3.64,24,25.55,48.13,597,PAUSED
00:14:07,19.18,33.97,414,6,1.36,9,22.37,41.13,594,475,2.12,37,24.78,30.09,421,PRINTING
00:15:07,22.57,36.63,458,151,1.61,40,23.69,45.11,559,449,0.3,3,25.22,34.62,530,PRINTING
00:16:07,18.48,38.2,589,201,3.05,20,26.26,42.1,456,191,3.99,28,27.11,57.62,524,PRINTING
00:17:07,21.21,36.01,490,61,1.87,31,21.19,52.99,476,275,4.26,24,21.58,31.05,495,IDLE
00:18:07,22.97,34.35,430,98,0.41,5,26.4,57.87,429,285,1.51,5,22.09,57.41,429,IDLE
00:19:07,18.72,37.54,480,269,2.67,9,26.18,40.21,547,92,0.07,23,22.59,55.3,386,PAUSED
00:20:07,24.11,56.11,527,466,2.77,39,19.48,50.2,584,345,4.26,45,22.95,55.77,598,IDLE
00:21:07,21.38,42.15,505,255,0.24,1,27.74,38.96,553,287,3.75,43,19.74,41.68,550,IDLE
00:22:07,22.93,43.95,542,204,1.92,19,26.64,54.49,422,95,0.23,23,26.49,54.92,381,PRINTING
00:23:07,21.47,34.24,393,107,0.68,19,25.49,40.45,464,466,2.2,24,22.21,35.31,394,IDLE
00:24:07,22.69,38.13,402,70,2.29,5,25.51,32.37,516,384,4.13,0,18.07,32.51,381,ERROR
00:25:07,24.45,46.31,522,342,2.5,29,26.63,47.73,410,480,0.15,43,24.62,52.89,515,ERROR
00:26:07,24.62,52.07,530,90,0.5,1,21.95,49.13,416,65,3.9,22,24.89,49.3,474,ERROR
00:27:07,,,,,,,21.65,46.33,387,464,4.71,7,25.6,46.79,560,PAUSED
00:28:07,22.4,58.15,486,44,3.19,39,22.36,33.11,478,21,0.62,28,27.5,53.81,525,IDLE
00:29:07,20.98,51.76,582,236,1.47,6,19.56,44.29,530,411,3.89,22,24.6,34.91,571,PRINTING
00:30:07,26.07,35.85,489,17,3.92,14,21.29,38.59,546,405,2.84,7,18.87,55.01,540,IDLE
00:31:07,24.38,33.6,535,497,2.55,8,18.31,50.51,403,145,4.3,38,,,,ERROR
00:32:07,19.18,45.43,408,286,1.84,17,24.89,57.23,465,304,3.96,2,21.97,32.49,458,PAUSED
00:33:07,18.02,41.99,403,477,2.2,32,,,,,,,24.39,48.04,424,PAUSED
00:34:07,27.39,47.98,528,302,2.32,3,22.2,44.99,399,346,3.51,1,20.88,49.8,520,PAUSED
00:35:07,24.31,37.01,546,182,2.1,20,21.68,32.21,458,158,0.17,4,27.62,56.13,464,ERROR
00:36:07,25.59,49.79,536,242,2.14,0,25.69,43.2,588,111,0.66,13,24.84,53.64,480,PAUSED
00:37:07,19.28,38.99,567,253,1.96,31,20.34,59.22,437,438,1.12,31,22.67,48.93,499,PAUSED
00:38:07,27.36,55.64,390,243,1.08,28,27.63,52.84,508,168,4.12,0,19.29,45.3,427,PRINTING
00:39:07,22.21,41.06,403,376,3.9,1,,,,,,,18.35,49.52,433,PAUSED
00:40:07,20.91,58.24,542,3,3.32,33,19.17,48.62,453,302,4.61,8,,,,IDLE
00:41:07,,,,,,,27.52,52.39,504,18,2.48,7,19.73,48.86,471,PAUSED
00:42:07,26.28,30.21,458,141,1.8,46,26.33,41.23,460,52,0.25,5,27.0,36.53,430,PAUSED
00:43:07,18.62,37.42,482,427,3.16,1,20.3,54.05,435,488,0.77,1,23.01,45.32,478,PRINTING
00:44:07,23.03,56.95,590,397,1.22,25,24.77,38.0,451,101,4.77,25,18.18,37.57,418,ERROR
00:45:07,21.21,46.62,586,106,2.48,1,24.9,35.03,402,392,3.32,36,23.47,33.04,576,PAUSED
00:46:07,18.07,38.27,397,82,4.66,4,18.9,30.47,539,175,3.94,7,21.04,47.37,457,PRINTING
00:47:07,18.83,54.64,530,272,4.62,42,20.75,50.02,471,67,4.46,43,25.03,44.49,593,PAUSED
00:48:07,20.83,48.72,398,31,3.12,24,19.27,56.68,513,180,4.98,48,,,,PRINTING
00:49:07,20.27,38.8,525,457,0.6,36,24.26,35.5,430,96,3.03,48,,,,ERROR
00:50:07,19.97,50.15,449,472,4.89,10,20.53,38.54,580,39,4.09,40,20.24,41.65,536,IDLE
00:51:07,27.93,37.41,407,110,0.18,23,,,,,,,,,,ERROR
00:52:07,18.16,46.33,433,303,3.94,13,19.95,34.98,588,82,1.01,41,26.21,32.16,518,ERROR
00:53:07,19.16,40.56,450,396,0.83,48,27.53,54.71,575,445,0.98,34,23.4,39.5,589,PRINTING
00:54:07,27.75,52.43,538,40,2.88,36,19.18,32.95,598,60,4.74,11,24.54,33.79,435,PAUSED
00:55:07,27.65,31.72,382,199,0.02,33,27.37,51.65,554,453,3.88,15,19.29,43.24,500,IDLE
00:56:07,23.77,55.21,476,9,2.32,16,22.76,37.72,547,64,2.11,34,27.87,43.24,494,PAUSED
00:57:07,23.84,45.32,382,457,0.73,3,20.13,34.73,585,209,4.95,7,26.01,30.98,509,PAUSED
00:58:07,22.29,50.76,569,404,1.83,36,23.57,49.38,565,207,3.01,19,21.67,56.28,444,PRINTING
00:59:07,26.44,59.95,551,165,0.14,0,22.92,45.71,443,161,2.88,19,21.44,45.53,418,PRINTING
01:00:07,27.8,31.11,594,63,3.4,32,18.1,33.05,546,48,2.52,36,27.66,31.49,421,PRINTING
01:01:07,19.42,49.81,386,1,3.84,48,23.56,35.69,389,125,2.65,1,25.5,38.9,521,PAUSED
01:02:07,22.48,47.75,448,74,4.96,11,19.52,53.61,599,363,1.91,17,25.0,54.63,421,PRINTING
01:03:07,23.9,47.78,573,427,0.24,22,21.04,36.91,446,74,0.51,38,27.73,39.43,464,IDLE
01:04:07,22.17,57.96,511,211,1.2,16,20.61,56.42,568,441,3.24,50,21.32,39.6,466,PRINTING
01:05:07,22.07,54.77,538,388,3.24,45,19.0,37.14,496,270,2.66,26,23.66,39.56,383,ERROR
01:06:07,22.62,42.21,576,13,3.81,21,23.94,53.56,501,98,0.55,44,26.34,40.9,444,IDLE
01:07:07,19.52,47.42,570,282,2.38,32,27.99,45.79,578,304,0.07,47,22.49,50.85,584,PAUSED
01:08:07,20.93,42.61,424,226,3.26,28,18.01,41.13,383,468,2.26,10,24.25,58.77,578,PRINTING
01:09:07,21.99,31.11,397,321,4.33,7,21.35,57.48,415,274,1.12,7,18.11,45.03,520,PAUSED
01:10:07,21.44,36.84,530,32,2.57,34,24.46,57.16,461,152,0.4,18,21.3,46.38,454,ERROR
01:11:07,18.53,58.52,575,226,1.11,7,25.64,45.04,570,414,1.17,21,,,,IDLE
01:12:07,25.26,52.97,465,331,4.61,46,22.73,34.86,473,222,2.18,10,21.31,36.82,541,IDLE
01:13:07,18.41,57.43,543,279,1.72,23,19.4,45.65,531,323,4.56,40,20.81,43.36,598,IDLE
01:14:07,21.88,54.95,398,101,4.87,7,23.5,37.96,479,81,0.26,24,18.43,39.57,549,PAUSED
01:15:07,25.71,43.58,581,284,4.52,32,24.77,37.05,528,439,1.92,46,23.36,52.9,410,IDLE
01:16:07,27.32,49.59,452,372,4.8,45,26.05,58.4,556,151,0.96,4,24.51,45.92,554,PAUSED
01:17:07,20.24,42.16,458,383,4.61,39,,,,,,,23.8,40.05,476,PAUSED
01:18:07,22.34,38.96,504,402,4.12,7,19.33,51.46,554,349,0.09,9,22.12,32.82,433,IDLE
01:19:07,27.37,36.6,420,124,2.3,10,24.21,48.35,479,219,3.94,21,24.41,56.74,417,PRINTING
01:20:07,19.89,39.76,512,83,4.96,35,24.36,36.79,593,121,3.97,30,26.03,38.96,594,PRINTING
01:21:07,19.54,51.89,382,60,1.54,27,18.99,47.74,503,409,3.79,11,27.87,58.9,403,ERROR
01:22:07,25.39,32.69,403,78,3.95,3,23.8,35.71,499,59,3.32,13,18.89,47.57,513,ERROR
01:23:07,24.56,52.61,436,239,0.13,44,20.09,44.45,530,155,2.1,20,18.15,58.49,392,PRINTING
01:24:07,23.93,43.51,384,37,2.44,13,21.23,36.07,385,325,0.73,32,27.55,58.94,438,ERROR
01:25:07,20.31,38.06,382,292,3.98,33,22.99,52.7,589,134,1.45,21,19.81,48.34,434,PRINTING
01:26:07,22.91,49.57,517,444,4.15,34,20.41,48.51,525,409,2.15,41,19.99,48.7,440,PAUSED
01:27:07,23.05,36.31,501,131,2.92,22,25.5,49.43,506,416,4.31,14,25.31,50.61,487,PAUSED
01:28:07,25.57,38.33,485,182,1.87,34,23.95,43.71,464,52,0.22,28,24.48,50.21,589,ERROR
01:29:07,25.97,39.68,595,497,0.87,41,25.01,45.28,573,87,0.75,16,,,,IDLE
01:30:07,21.83,54.65,592,241,2.99,2,22.0,39.84,431,27,2.9,40,26.9,37.26,590,PAUSED
01:31:07,18.97,54.47,504,270,0.66,14,20.16,47.92,433,254,1.97,17,23.98,57.89,531,IDLE
01:32:07,23.82,55.87,532,387,2.82,6,,,,,,,24.99,54.24,592,ERROR
01:33:07,,,,,,,27.22,52.29,485,340,2.96,23,24.52,59.38,598,IDLE
01:34:07,26.42,44.18,381,339,2.08,26,20.05,34.13,434,260,0.28,26,19.67,31.01,498,ERROR
01:35:07,23.9,39.03,552,365,2.93,17,26.38,55.64,554,275,0.65,10,27.4,45.68,535,PAUSED
01:36:07,21.23,56.15,581,134,2.71,37,22.85,44.83,509,236,1.88,12,20.74,36.46,537,PAUSED
01:37:07,19.86,49.2,551,434,4.79,20,21.15,58.24,507,35,2.45,16,27.75,33.02,597,PAUSED
01:38:07,27.13,30.11,467,90,2.22,13,26.49,56.73,387,155,1.93,21,22.49,38.87,493,PRINTING
01:39:07,27.46,50.64,439,305,4.16,32,23.28,55.48,391,120,0.48,43,19.25,49.05,546,ERROR
01:40:07,26.79,53.4,457,453,0.93,17,24.68,48.8,595,413,1.99,32,26.85,59.38,534,ERROR
01:41:07,27.46,40.14,583,393,2.25,2,26.21,46.57,422,57,4.52,38,26.8,59.39,503,PAUSED
01:42:07,26.26,59.21,391,132,1.09,30,24.39,56.81,410,52,4.87,36,27.44,44.52,398,PRINTING
01:43:07,24.3,50.38,598,218,3.72,48,22.57,30.84,497,498,0.47,47,21.72,57.73,381,IDLE
01:44:07,25.78,30.41,566,5,2.15,17,21.75,58.92,549,91,0.17,18,26.3,56.8,438,IDLE
01:45:07,21.93,45.29,535,57,4.91,14,24.74,44.93,465,75,1.76,8,23.31,33.13,419,ERROR
01:46:07,26.5,47.55,580,473,3.76,43,21.53,30.52,560,453,0.64,4,20.62,34.58,577,IDLE
01:47:07,22.59,41.81,577,416,3.22,45,24.17,49.85,502,18,2.72,3,21.33,48.92,461,PRINTING
01:48:07,21.06,51.67,413,123,1.68,15,20.07,36.35,548,170,1.14,15,26.77,41.34,438,ERROR
01:49:07,18.83,40.89,509,172,0.82,15,18.34,44.37,423,51,2.68,4,21.14,43.57,487,ERROR
01:50:07,27.41,32.03,459,231,1.46,1,,,,,,,21.93,51.48,572,ERROR
01:51:07,23.32,43.24,582,360,1.26,21,25.89,33.11,552,39,2.5,7,18.85,52.34,473,IDLE
01:52:07,27.8,44.66,455,144,2.78,47,24.28,33.85,446,434,2.68,10,24.89,56.52,490,PRINTING
01:53:07,26.22,30.08,523,127,3.82,8,27.95,38.41,571,492,4.35,17,23.65,32.57,483,IDLE
01:54:07,22.64,53.46,406,6,0.04,14,,,,,,,23.19,47.75,421,PRINTING
01:55:07,26.62,37.81,479,413,3.69,31,23.29,40.83,435,293,2.39,5,24.28,57.23,440,PRINTING
01:56:07,18.77,41.98,448,401,1.55,23,21.02,49.12,551,326,3.77,5,27.21,34.03,579,PRINTING
01:57:07,25.0,31.1,389,116,0.98,18,18.69,59.91,404,327,0.67,26,20.33,39.14,494,IDLE
01:58:07,24.08,52.88,559,423,3.28,3,19.55,49.51,517,342,3.28,23,27.63,32.24,549,IDLE
01:59:07,22.22,34.53,553,134,4.0,33,18.87,50.21,457,499,4.29,1,25.82,56.23,518,IDLE
02:00:07,27.62,47.93,468,362,0.85,44,19.24,32.38,438,189,1.82,37,25.55,59.17,584,IDLE
02:01:07,,,,,,,21.88,38.5,546,126,2.38,22,22.26,42.45,422,ERROR
02:02:07,26.82,38.16,559,409,2.0,24,24.45,48.44,595,156,1.93,9,26.74,38.0,464,ERROR
02:03:07,24.65,30.18,411,414,2.86,32,,,,,,,24.33,52.08,413,PAUSED
02:04:07,18.71,31.47,508,65,2.11,22,19.17,33.9,543,433,0.39,36,25.09,55.21,431,IDLE
02:05:07,23.53,47.49,580,207,3.62,48,19.08,30.78,454,427,2.0,49,19.89,36.79,503,ERROR
02:06:07,25.11,47.06,499,331,2.2,31,23.44,34.0,568,54,4.38,41,20.32,42.71,403,ERROR
02:07:07,22.54,48.09,508,308,1.88,29,27.02,54.53,548,479,0.49,19,26.88,34.74,405,IDLE
02:08:07,26.51,33.79,526,201,1.62,21,25.89,30.96,592,51,4.41,37,20.63,41.8,447,PRINTING
02:09:07,27.85,52.51,480,332,4.89,20,22.23,46.47,435,295,3.93,11,27.74,49.66,502,ERROR
02:10:07,24.16,43.61,380,158,1.14,0,27.66,32.53,485,404,1.81,27,19.71,37.3,571,IDLE
02:11:07,24.58,52.87,504,60,2.5,7,24.58,42.26,473,387,2.81,27,22.2,56.8,424,PRINTING
02:12:07,23.86,37.78,492,74,1.47,3,20.66,37.9,440,112,1.05,22,22.15,46.61,547,IDLE
02:13:07,27.53,48.24,491,463,4.55,6,23.88,44.92,487,273,1.89,37,27.73,55.37,539,ERROR
02:14:07,23.55,56.85,453,58,1.56,44,21.66,57.95,399,244,0.07,20,26.98,31.59,475,PRINTING
02:15:07,18.07,55.23,478,224,4.59,12,18.66,59.08,559,395,1.36,31,18.32,47.46,463,IDLE
02:16:07,21.7,54.72,457,342,2.33,17,23.55,39.33,382,108,4.06,34,26.11,42.81,574,IDLE
02:17:07,,,,,,,19.86,48.51,572,120,1.71,25,25.17,42.25,383,IDLE
02:18:07,21.72,31.64,470,202,2.78,46,25.38,47.75,529,346,2.7,40,27.51,54.08,395,ERROR
02:19:07,18.52,34.75,407,324,2.86,42,27.02,52.92,503,231,2.25,23,19.24,46.11,566,ERROR
02:20:07,27.61,42.73,462,424,1.15,24,19.61,52.09,576,210,1.0,10,18.17,43.18,582,PRINTING
02:21:07,23.08,45.31,566,106,1.57,6,24.69,33.99,534,104,2.23,22,22.81,30.33,442,PRINTING
02:22:07,22.06,48.17,402,274,4.63,25,18.03,40.6,431,475,1.18,16,22.76,35.54,504,PRINTING
02:23:07,19.28,39.35,597,468,4.2,29,18.73,45.56,472,354,0.36,43,18.32,40.94,472,IDLE
02:24:07,19.6,55.01,582,154,2.64,40,27.48,34.65,494,109,3.84,11,21.87,35.38,394,PRINTING
02:25:07,27.11,57.06,429,424,2.26,18,18.6,45.25,537,151,3.48,48,,,,PAUSED
02:26:07,23.51,59.71,527,306,2.62,29,26.29,40.92,428,329,0.73,34,22.47,49.56,389,PAUSED
02:27:07,27.91,53.36,446,348,0.9,38,25.95,39.6,584,61,0.49,8,21.21,32.11,426,ERROR
02:28:07,24.16,44.34,395,433,4.68,8,25.13,39.93,589,130,2.27,48,25.78,53.11,560,PAUSED
02:29:07,27.23,51.19,384,239,3.25,38,24.87,42.09,573,23,1.98,23,23.67,56.79,525,ERROR
02:30:07,20.35,37.58,576,162,3.48,36,18.55,59.62,583,377,2.18,49,21.33,47.1,529,ERROR
02:31:07,18.65,50.84,437,359,0.36,46,18.43,35.47,509,390,2.58,11,27.52,52.76,542,PAUSED
02:32:07,25.03,52.06,447,258,0.39,10,23.67,57.53,535,403,4.77,23,24.55,51.28,489,ERROR
02:33:07,,,,,,,26.73,50.92,523,174,1.78,28,23.61,30.11,534,PRINTING
02:34:07,23.96,44.13,480,9,2.46,29,26.86,34.18,533,53,3.1,34,23.43,53.03,484,ERROR
02:35:07,25.89,47.69,495,222,0.72,19,18.58,38.05,567,147,0.35,45,21.15,45.2,517,IDLE
02:36:07,22.84,30.39,502,360,4.59,2,25.03,43.69,382,357,0.97,15,22.84,38.44,596,IDLE
02:37:07,23.22,42.1,518,177,2.53,23,27.15,40.73,486,437,3.44,50,23.25,42.31,529,PRINTING
02:38:07,24.15,51.56,497,311,4.84,46,,,,,,,21.22,33.95,530,PAUSED
02:39:07,25.3,35.1,455,127,4.73,31,20.77,31.98,561,391,2.15,6,26.23,42.35,550,ERROR
02:40:07,24.68,59.91,587,134,4.75,36,24.62,48.97,529,199,0.57,26,22.62,57.43,541,IDLE
02:41:07,20.83,51.48,396,107,3.59,49,19.2,35.56,509,62,3.72,42,19.53,57.95,453,PAUSED
02:42:07,18.0,59.82,501,264,0.39,4,19.48,59.11,391,106,0.94,9,26.97,41.33,588,IDLE
02:43:07,18.87,49.25,444,235,2.44,27,18.89,54.31,538,34,4.14,26,24.82,48.52,582,ERROR
02:44:07,20.35,44.86,428,482,4.83,49,19.58,46.01,587,287,4.64,41,,,,PAUSED
02:45:07,26.15,56.29,483,483,3.05,12,18.52,50.17,391,201,2.93,44,21.22,42.6,387,PAUSED
02:46:07,20.39,54.24,471,86,2.38,47,22.12,51.46,558,23,2.49,30,25.34,43.3,422,PRINTING
02:47:07,27.14,36.6,432,488,4.06,34,,,,,,,23.37,49.38,382,IDLE
02:48:07,26.33,53.86,536,143,3.06,6,20.93,34.77,459,473,2.43,5,18.67,40.8,500,PRINTING
02:49:07,27.0,49.6,433,432,3.0,46,23.31,50.13,472,291,3.87,44,22.74,51.5,521,IDLE
02:50:07,25.95,33.95,463,118,2.24,38,27.03,34.91,492,406,3.7,7,25.94,38.77,426,PAUSED
02:51:07,23.1,30.16,442,17,2.22,39,23.72,45.43,596,281,4.24,26,25.62,55.89,547,PRINTING
02:52:07,22.55,34.3,399,1,3.94,15,27.73,59.04,415,347,2.62,18,22.5,42.64,493,PAUSED
02:53:07,21.93,52.46,412,267,3.17,46,26.92,42.15,383,171,3.36,50,23.58,45.28,411,PRINTING
02:54:07,23.97,55.65,541,45,1.01,40,21.91,55.63,398,461,3.19,17,22.56,45.31,496,PAUSED
02:55:07,25.68,51.01,484,148,1.69,15,26.48,36.51,469,57,4.76,47,23.18,49.49,532,ERROR
02:56:07,25.46,38.68,390,72,0.25,37,21.76,50.36,536,435,2.39,13,27.91,46.04,438,IDLE
02:57:07,18.97,44.83,542,57,3.55,34,26.5,44.64,526,39,4.27,45,24.21,33.5,561,PAUSED
02:58:07,24.18,47.24,565,71,0.63,2,18.41,35.01,599,223,0.65,50,18.18,47.83,550,ERROR
02:59:07,19.31,57.45,492,292,1.67,39,26.78,52.26,591,149,3.1,49,22.47,49.74,508,PAUSED
03:00:07,27.99,45.96,470,426,2.05,20,24.4,47.07,482,495,1.49,16,18.1,53.86,575,IDLE
03:01:07,20.28,37.97,522,184,2.54,2,20.17,52.16,437,128,0.76,42,,,,PRINTING
03:02:07,20.3,33.51,510,442,4.99,38,19.89,40.57,381,163,3.61,33,23.02,30.23,522,PAUSED
03:03:07,24.21,32.79,511,307,4.54,18,22.35,58.19,583,197,3.59,11,18.24,35.07,574,IDLE
03:04:07,22.16,49.69,453,93,4.29,42,,,,,,,26.94,49.56,535,ERROR
03:05:07,18.15,33.02,460,136,4.75,15,20.34,31.37,411,1,4.32,40,27.03,32.29,495,PAUSED
03:06:07,,,,,,,24.74,59.9,431,3,2.86,42,18.0,34.5,533,IDLE
03:07:07,19.11,49.88,527,497,4.04,1,19.73,57.26,526,198,4.62,42,18.81,54.36,507,ERROR
03:08:07,19.6,59.32,586,129,2.54,13,21.98,35.92,561,251,2.02,42,25.86,30.13,589,PAUSED
03:09:07,20.91,39.42,561,293,2.13,9,24.5,33.17,488,488,2.78,15,27.36,42.78,515,ERROR
03:10:07,22.55,56.75,515,483,1.9,9,22.12,32.92,571,243,0.38,16,24.32,39.57,405,PAUSED
03:11:07,27.41,42.75,559,170,4.55,42,18.56,55.61,418,394,2.19,9,24.0,35.51,595,PRINTING
03:12:07,21.41,50.86,514,243,1.39,49,25.32,46.44,593,355,4.19,4,22.12,43.29,458,PAUSED
03:13:07,18.14,39.98,512,368,3.27,18,23.31,46.53,411,183,2.93,49,26.91,37.49,575,IDLE
03:14:07,27.32,39.56,403,16,2.1,49,22.22,35.37,551,414,2.95,44,27.91,46.38,395,PAUSED
03:15:07,24.21,32.41,522,343,3.75,45,20.33,40.76,591,408,4.4,37,24.98,35.19,394,PAUSED
03:16:07,24.8,39.12,556,206,3.56,13,25.93,35.66,488,22,3.21,46,24.5,36.22,553,PRINTING
03:17:07,18.34,31.6,537,292,0.0,27,,,,,,,27.23,39.24,430,IDLE
03:18:07,23.2,45.84,429,119,3.69,4,27.98,31.07,424,167,0.9,4,19.86,59.45,515,PRINTING
03:19:07,24.13,57.34,387,100,3.76,26,25.7,58.01,386,96,2.81,45,18.92,55.95,592,PAUSED
03:20:07,23.05,38.81,428,86,2.5,6,19.69,47.67,491,364,2.37,10,18.98,35.14,583,PAUSED
03:21:07,27.2,47.81,553,454,1.97,37,18.61,47.08,521,174,3.07,7,24.3,59.24,389,IDLE
03:22:08,21.63,59.31,475,461,4.23,27,20.14,41.19,403,24,4.6,47,19.18,55.27,462,PAUSED
03:23:08,21.24,39.01,466,229,0.55,1,21.9,54.92,382,324,0.23,12,20.03,38.42,458,PRINTING
03:24:08,27.13,30.7,598,112,4.11,8,21.55,56.52,478,21,4.16,47,21.05,54.26,480,PRINTING
03:25:08,19.86,44.86,523,228,0.47,11,21.11,59.57,594,398,3.69,9,19.48,48.44,539,PRINTING
03:26:08,20.46,33.16,381,126,4.19,23,22.69,55.06,446,197,4.64,27,,,,ERROR
03:27:08,26.1,40.91,568,391,3.69,8,19.24,39.7,441,118,4.06,42,26.59,32.96,573,PAUSED
03:28:08,21.73,56.4,482,134,1.23,3,,,,,,,26.04,40.24,440,PRINTING
03:29:08,18.93,37.31,494,445,2.18,33,21.82,50.68,529,140,1.81,21,22.18,32.07,520,PRINTING
03:30:08,25.59,48.03,439,36,4.55,2,27.2,36.82,475,315,2.16,34,23.26,37.29,382,PRINTING
03:31:08,20.52,42.12,424,7,1.75,24,22.39,52.09,506,191,2.9,46,25.53,50.67,560,PRINTING
03:32:08,23.61,58.92,480,90,2.19,14,27.65,58.52,391,352,4.56,33,21.76,55.25,577,PAUSED
03:33:08,18.5,56.95,407,247,0.56,24,18.64,55.86,430,452,4.82,3,22.27,39.67,449,ERROR
03:34:08,25.49,50.53,484,146,3.96,26,25.18,49.65,582,441,3.12,19,22.11,35.35,395,PAUSED
03:35:08,22.94,46.52,454,204,1.33,49,20.11,34.79,431,322,2.98,27,26.19,36.82,513,PAUSED
03:36:08,27.45,31.76,408,147,0.49,3,26.18,43.43,575,120,4.69,46,27.37,44.39,492,PRINTING
03:37:08,21.33,31.3,583,377,2.93,48,27.85,53.74,506,453,2.11,14,18.64,41.27,434,PAUSED
03:38:08,25.3,40.81,590,329,0.1,18,24.87,54.79,391,478,0.72,35,26.03,53.44,565,ERROR
03:39:08,24.96,56.17,453,426,4.64,12,18.02,34.14,582,441,1.23,34,23.84,55.27,399,PRINTING
03:40:08,18.29,50.01,569,464,1.57,34,20.69,52.58,593,37,0.96,13,18.86,46.89,425,IDLE
03:41:08,27.95,43.81,512,365,4.02,16,23.92,56.98,574,71,0.98,22,24.13,30.35,432,IDLE
03:42:08,18.43,47.9,422,449,4.06,5,19.83,38.08,415,92,4.28,15,26.21,54.07,550,PRINTING
03:43:08,23.46,52.44,520,259,4.06,27,25.43,58.4,491,183,0.58,37,21.64,34.15,572,PAUSED
03:44:08,22.25,39.87,499,72,1.97,18,26.18,31.89,389,310,3.03,36,25.13,59.35,485,PRINTING
03:45:08,19.5,52.69,438,369,1.71,11,25.81,50.76,594,154,1.76,46,19.92,59.97,512,PRINTING
03:46:08,26.4,33.79,598,335,2.75,9,18.44,56.65,476,192,3.3,3,20.96,36.38,588,IDLE
03:47:08,23.97,45.04,549,310,1.38,15,18.48,44.69,397,280,4.97,22,26.35,38.56,474,PAUSED
03:48:08,22.77,55.58,433,125,2.23,50,23.91,36.53,444,160,3.56,40,27.88,39.18,417,IDLE
03:49:08,18.84,47.16,511,200,1.87,36,18.45,55.09,567,106,4.42,32,20.17,56.96,443,PRINTING
03:50:08,25.31,46.46,508,289,1.26,20,19.71,50.46,557,310,4.47,2,27.99,50.97,561,PRINTING
03:51:08,26.22,56.1,502,122,2.68,28,22.72,55.04,581,252,2.94,36,22.46,31.64,471,PRINTING
03:52:08,18.64,30.84,496,174,4.47,23,20.65,43.91,474,263,0.5,33,25.63,52.53,402,ERROR
03:53:08,25.67,31.31,392,193,4.63,4,27.29,32.12,519,43,0.7,48,21.25,57.68,463,PRINTING
03:54:08,24.24,59.17,575,490,4.54,28,19.42,43.15,546,100,0.9,23,18.9,39.9,529,IDLE
03:55:08,20.62,37.56,418,88,4.8,19,24.78,37.8,390,219,2.17,9,18.06,55.83,413,IDLE
03:56:08,20.39,46.34,541,281,1.27,29,20.24,58.8,430,149,1.51,8,21.51,32.02,446,PRINTING
03:57:08,20.57,59.07,571,115,2.55,20,23.27,50.3,592,168,0.71,8,25.96,42.23,569,PAUSED
03:58:08,18.61,54.51,386,286,2.01,27,24.55,33.89,569,161,1.93,44,21.58,31.45,546,PAUSED
03:59:08,20.18,36.38,407,271,4.17,44,21.39,54.08,390,436,3.83,21,18.37,40.05,564,ERROR
04:00:08,19.58,53.31,558,457,0.11,13,18.11,31.02,536,24,0.1,1,23.71,42.74,572,ERROR
04:01:08,21.76,46.4,464,302,1.34,23,23.6,33.62,409,324,3.54,18,26.7,35.91,548,PRINTING
04:02:08,27.56,40.8,476,99,4.69,45,26.43,39.86,399,358,4.17,33,19.25,53.42,388,PAUSED
04:03:08,25.29,52.73,383,41,2.21,15,18.6,42.22,563,434,3.54,20,18.06,47.12,436,PRINTING
04:04:08,20.36,32.09,548,120,4.93,31,27.71,51.53,382,187,2.95,48,18.52,32.71,437,ERROR
04:05:08,19.79,31.65,428,409,1.84,36,19.07,48.41,508,454,1.65,21,23.98,34.56,413,IDLE
04:06:08,24.26,33.83,527,89,1.05,14,27.77,53.16,502,160,4.18,24,19.27,32.28,430,PAUSED
04:07:08,22.24,37.99,399,256,4.92,1,,,,,,,22.26,44.46,546,IDLE
04:08:08,18.47,49.15,455,152,0.07,16,26.85,31.16,503,313,3.73,48,26.52,45.9,442,PAUSED
04:09:08,,,,,,,25.33,34.15,435,112,2.23,49,25.64,54.97,513,PRINTING
04:10:08,25.77,34.22,439,276,1.3,41,22.49,43.83,538,455,3.72,50,20.33,38.38,553,IDLE
04:11:08,21.14,34.81,600,122,0.83,26,21.15,58.29,515,28,0.84,41,22.26,52.8,549,ERROR
04:12:08,22.59,51.01,494,379,3.78,24,24.92,34.98,499,261,2.02,32,19.19,35.25,477,ERROR
04:13:08,23.58,56.7,598,201,1.46,36,26.4,54.36,511,473,3.3,3,27.81,58.63,403,PRINTING
04:14:08,22.52,45.7,469,42,2.52,12,20.3,53.89,497,258,2.16,16,20.56,38.46,519,PRINTING
04:15:08,24.69,37.39,579,305,1.4,3,25.33,46.9,469,425,0.26,47,18.83,58.42,394,ERROR
04:16:08,24.49,38.8,572,234,4.74,35,25.53,50.06,419,491,3.37,17,19.58,36.99,415,ERROR
04:17:08,26.3,53.53,384,312,0.83,18,24.36,34.03,572,86,2.65,46,19.72,44.63,494,ERROR
04:18:08,25.09,39.14,388,86,4.98,37,21.09,30.39,449,242,0.64,25,20.78,49.34,442,ERROR
04:19:08,18.88,57.16,461,237,4.19,39,23.97,50.25,477,455,2.18,26,21.68,56.29,421,PRINTING
04:20:08,26.1,52.48,526,479,1.88,2,19.17,55.86,383,52,1.04,42,20.0,43.6,500,IDLE
04:21:08,23.59,55.12,462,244,4.33,30,22.03,36.25,539,32,4.95,5,19.34,56.14,422,IDLE
04:22:08,,,,,,,26.24,32.45,466,183,2.59,29,26.96,33.95,557,IDLE
04:23:08,25.1,57.7,482,226,4.7,17,24.54,38.71,437,385,1.09,13,21.82,41.09,532,ERROR
04:24:08,21.62,54.72,441,300,1.08,28,22.57,35.04,443,20,3.76,26,23.13,46.11,439,ERROR
04:25:08,22.46,36.51,599,415,2.26,2,,,,,,,19.25,46.12,466,IDLE
04:26:08,21.06,56.44,486,467,4.65,49,21.98,38.02,525,127,0.69,23,21.44,40.51,583,PAUSED
04:27:08,25.78,45.49,439,249,3.72,30,21.38,59.19,411,31,2.3,48,23.13,50.16,435,PAUSED
04:28:08,26.93,42.62,455,321,3.15,5,21.29,50.67,381,383,0.16,29,26.04,36.78,384,PAUSED
04:29:08,23.53,33.12,563,218,1.9,50,27.27,32.62,416,346,2.97,45,25.29,39.13,488,ERROR
04:30:08,25.02,48.28,387,50,0.04,31,26.97,50.79,572,225,4.51,37,21.33,32.03,500,PRINTING
04:31:08,18.48,58.4,546,190,2.36,50,27.78,39.31,598,230,3.02,2,20.56,31.91,424,PAUSED
04:32:08,25.02,56.17,547,104,2.28,27,22.03,56.66,522,220,3.29,14,21.45,54.42,468,PRINTING
04:33:08,18.18,36.99,441,75,0.39,19,22.66,51.39,469,477,1.82,32,22.58,31.86,433,PRINTING
04:34:08,22.89,56.27,415,498,4.44,44,19.33,32.79,563,482,1.64,41,,,,IDLE
04:35:08,19.51,55.13,547,183,1.66,33,22.1,50.08,451,168,3.99,15,26.24,58.37,587,IDLE
04:36:08,20.55,34.8,428,86,3.75,41,24.62,45.86,526,367,4.06,23,22.6,46.91,501,IDLE
04:37:08,18.02,42.63,478,152,3.5,36,27.75,45.95,511,31,2.6,35,18.37,49.24,391,PAUSED
04:38:08,21.17,38.75,483,56,3.47,28,21.47,39.53,395,487,1.72,20,27.56,45.41,518,IDLE
04:39:08,22.03,45.74,488,276,2.42,30,23.98,30.91,520,184,0.22,41,18.64,56.28,399,ERROR
04:40:08,18.96,51.08,394,417,0.93,15,23.55,40.39,433,309,3.68,18,18.52,31.84,546,ERROR
04:41:08,23.47,41.72,582,354,3.08,23,21.22,30.9,440,126,3.59,42,21.74,42.93,593,PRINTING
04:42:08,18.58,41.47,536,455,2.42,43,18.64,48.76,427,267,4.13,13,26.67,40.96,447,IDLE
04:43:08,19.48,47.79,421,150,1.2,32,27.14,53.56,572,55,1.12,42,,,,ERROR
04:44:08,25.69,54.33,436,450,3.76,29,18.01,45.31,530,440,1.51,24,26.52,58.66,418,ERROR
04:45:08,26.94,56.91,442,389,3.33,30,24.78,50.17,545,351,0.97,47,21.13,35.67,502,ERROR
04:46:08,25.94,48.67,385,199,3.8,37,21.38,35.19,476,491,4.68,50,21.46,37.9,489,PRINTING
04:47:08,19.56,50.16,563,230,2.88,35,23.23,58.17,403,413,1.91,12,22.08,40.01,449,PAUSED
04:48:08,24.5,34.01,390,291,0.14,41,18.97,34.54,386,283,1.47,30,23.69,53.94,413,PRINTING
04:49:08,23.76,59.06,506,248,2.63,48,26.95,51.05,508,124,3.8,25,24.43,46.07,437,IDLE
04:50:08,21.58,56.81,538,281,0.9,41,27.53,56.78,571,248,1.45,8,21.23,55.58,559,PRINTING
04:51:08,22.15,58.63,556,460,4.1,41,21.27,41.42,519,414,4.37,17,23.16,41.43,479,ERROR
04:52:08,25.91,47.46,420,53,4.33,46,19.32,37.62,520,291,3.5,3,21.49,40.95,557,PRINTING
04:53:08,22.62,47.38,431,493,2.73,43,24.67,46.69,521,159,2.78,4,20.26,50.44,424,PAUSED
04:54:08,19.51,52.54,494,114,2.38,17,23.64,32.97,546,259,1.86,41,20.63,58.67,478,PRINTING
04:55:08,18.11,48.2,482,221,2.42,43,24.15,37.75,483,344,0.71,24,20.24,48.29,566,PAUSED
04:56:08,26.94,43.24,480,39,2.84,36,19.49,57.82,533,369,0.24,3,19.74,52.84,465,PRINTING
04:57:08,21.53,37.18,412,220,2.88,16,25.25,41.26,576,395,2.23,49,21.27,40.27,436,ERROR
04:58:08,27.41,48.58,452,113,4.03,36,24.21,36.5,558,36,4.03,39,26.07,48.99,526,PRINTING
04:59:08,25.32,31.73,393,22,2.03,37,23.17,38.46,472,282,2.05,24,26.97,57.64,486,PAUSED
05:00:08,21.06,48.06,454,416,1.96,6,20.69,59.03,390,448,0.63,33,22.48,47.09,446,ERROR
05:01:08,19.43,51.18,512,41,3.09,21,27.01,51.68,511,236,4.53,0,21.71,42.59,474,ERROR
05:02:08,24.99,58.62,517,493,2.29,33,,,,,,,27.34,41.5,411,PAUSED
05:03:08,21.46,53.67,559,347,2.94,37,24.1,57.48,576,18,0.63,11,26.47,45.28,511,ERROR
05:04:08,22.5,49.31,551,372,1.25,8,22.24,39.59,429,331,4.4,18,19.52,32.66,448,PRINTING
05:05:08,24.58,45.22,529,109,3.7,25,20.16,46.36,598,364,3.26,33,22.89,42.07,429,IDLE
05:06:08,18.49,52.43,435,292,2.51,13,24.66,45.36,431,238,2.52,2,24.52,30.92,422,PAUSED
05:07:08,27.77,33.65,476,126,0.43,12,25.4,58.84,458,86,1.73,19,18.3,34.12,414,PAUSED
05:08:08,22.64,54.84,470,42,3.72,39,18.11,32.99,474,60,1.44,8,27.93,58.27,563,PRINTING
05:09:08,22.86,56.51,560,274,0.14,25,22.28,51.62,459,191,1.01,48,,,,PRINTING
05:10:08,25.06,47.96,573,0,1.56,46,23.72,33.25,397,29,1.64,2,21.17,36.29,497,PRINTING
05:11:08,26.02,32.81,468,472,1.67,19,,,,,,,27.64,38.18,388,PAUSED
05:12:08,,,,,,,21.2,53.64,530,476,3.89,21,22.38,34.54,447,PAUSED
05:13:08,24.49,58.37,481,19,1.26,2,26.42,59.51,391,500,1.53,32,25.25,30.43,503,PAUSED
05:14:08,27.61,48.12,575,328,2.29,13,19.65,42.33,409,89,3.77,47,23.58,50.15,481,IDLE
05:15:08,23.46,57.68,474,92,1.79,27,18.49,38.98,594,202,3.47,32,21.72,55.49,495,ERROR
05:16:08,23.01,56.15,583,237,2.48,5,18.36,54.61,525,186,4.97,29,20.34,31.12,471,IDLE
05:17:08,19.42,44.26,382,209,4.1,6,25.47,59.32,516,421,4.71,39,27.6,36.39,477,PRINTING
05:18:08,22.06,58.23,519,275,0.79,15,21.8,36.97,534,380,2.71,32,26.57,40.88,417,ERROR
05:19:08,27.04,44.31,520,303,4.09,43,20.41,54.32,434,386,0.39,4,18.75,46.17,544,PRINTING
05:20:08,18.69,36.54,415,99,1.85,29,19.41,54.29,456,13,3.88,3,20.5,59.25,525,PRINTING
05:21:08,28.0,51.13,472,418,1.17,44,27.98,36.78,446,288,1.54,10,27.96,37.33,579,IDLE
05:22:08,24.21,45.7,533,248,4.46,23,,,,,,,18.45,50.86,381,ERROR
05:23:08,19.57,52.69,549,198,3.51,6,23.54,59.99,532,306,2.11,25,24.08,35.06,406,PAUSED
05:24:08,23.41,40.9,534,124,1.21,18,24.1,44.54,437,267,4.0,15,23.42,49.77,533,PAUSED
05:25:08,18.33,58.42,482,181,3.03,6,21.42,58.34,563,82,3.37,20,19.63,52.08,427,PRINTING
05:26:08,27.01,47.0,502,155,0.48,11,27.69,59.35,445,112,2.44,38,20.81,38.75,553,IDLE
05:27:08,18.95,47.87,497,113,4.7,34,27.28,59.58,432,39,1.75,42,22.1,42.26,438,ERROR
05:28:08,23.08,57.37,467,48,0.73,44,27.89,52.69,432,188,0.03,9,25.5,39.68,467,PAUSED
05:29:08,22.47,51.41,536,85,0.2,49,18.26,30.74,511,141,1.31,19,25.58,56.72,495,ERROR
05:30:08,19.61,55.07,449,124,2.85,50,26.56,52.54,586,470,2.0,32,20.76,39.76,518,PAUSED
05:31:08,25.32,55.15,581,269,4.03,36,21.91,48.71,427,263,0.4,39,21.61,53.66,433,PRINTING
05:32:08,22.46,52.63,571,163,1.39,3,27.9,46.03,563,463,2.46,42,23.45,42.27,593,ERROR
05:33:08,25.07,47.33,542,419,0.53,29,18.15,34.97,445,20,0.75,26,18.29,50.94,384,IDLE
05:34:08,21.7,41.73,590,24,1.82,3,21.31,57.57,396,107,4.17,40,18.76,49.53,420,PAUSED
05:35:08,19.51,41.36,465,433,2.56,0,21.06,46.32,414,88,2.7,48,20.3,44.37,413,ERROR
05:36:08,22.73,51.95,522,64,2.05,10,24.84,53.17,578,171,3.04,17,25.79,51.14,418,IDLE
05:37:08,25.61,42.03,517,261,0.65,7,18.53,44.03,473,212,4.01,36,19.25,45.87,402,ERROR
05:38:08,22.9,40.4,393,177,1.45,35,,,,,,,25.6,55.29,442,PAUSED
05:39:08,25.09,34.36,591,452,0.82,43,,,,,,,18.87,51.68,541,PAUSED
05:40:08,23.75,35.67,408,451,2.16,38,22.07,56.37,596,172,1.04,42,20.57,34.26,571,ERROR
05:41:08,19.45,31.28,505,185,4.04,21,,,,,,,21.38,49.67,546,PAUSED
05:42:08,19.79,45.92,423,491,4.35,49,23.24,40.48,447,263,3.14,10,18.95,59.97,509,IDLE
05:43:08,24.96,59.08,505,74,2.13,9,21.05,39.22,453,200,2.05,13,25.11,38.93,518,PRINTING
05:44:08,25.51,58.79,431,51,1.68,31,22.11,44.85,491,189,1.74,27,25.42,32.2,563,PAUSED
05:45:08,18.22,41.78,514,266,2.98,31,27.56,56.07,484,402,1.59,44,18.38,58.33,595,ERROR
05:46:08,20.96,49.21,578,192,0.92,9,23.77,52.68,521,36,2.89,20,26.24,52.76,530,PAUSED
05:47:08,24.24,58.14,399,497,2.4,39,18.41,32.26,507,286,4.59,6,27.63,36.28,580,IDLE
05:48:08,27.68,50.05,582,134,2.48,41,22.36,44.31,588,205,0.28,10,26.94,58.85,401,ERROR
05:49:08,20.03,50.04,599,25,4.76,45,24.85,35.67,400,258,0.81,28,24.54,35.9,594,PRINTING
05:50:08,27.23,46.72,404,339,4.11,20,19.44,34.75,589,320,1.64,50,25.64,50.58,455,ERROR
05:51:08,19.3,38.49,559,148,4.97,10,21.1,55.68,447,488,0.38,41,27.05,58.47,464,ERROR
05:52:08,24.15,46.05,467,89,2.56,11,21.83,51.63,571,443,4.3,1,26.47,33.62,437,PRINTING
05:53:08,27.62,40.07,449,31,4.96,41,18.01,57.55,434,480,3.59,40,22.36,54.1,383,IDLE
05:54:08,21.91,31.05,585,317,0.33,32,,,,,,,27.12,35.43,482,ERROR
05:55:08,19.77,33.65,570,500,3.16,11,25.5,48.79,597,346,4.99,47,27.35,39.56,476,IDLE
05:56:08,21.46,49.29,518,334,3.01,30,20.36,39.64,573,26,1.65,0,21.71,37.9,489,PRINTING
05:57:08,18.49,57.18,486,26,2.72,15,23.06,42.56,420,284,0.55,4,27.12,30.38,547,ERROR
05:58:08,25.43,52.69,527,398,3.04,44,18.56,31.62,424,400,2.66,48,24.47,51.59,480,IDLE
05:59:08,26.87,49.23,426,246,3.28,1,27.12,31.83,466,321,1.44,27,19.27,38.0,492,PAUSED
06:00:08,22.81,58.63,500,454,0.64,48,21.55,38.38,538,342,4.78,4,22.68,34.9,451,PRINTING
06:01:08,20.43,31.36,477,112,4.84,5,20.49,57.75,471,490,4.15,4,19.28,39.31,590,PAUSED
06:02:08,21.25,40.42,416,436,0.2,17,25.21,30.44,550,313,3.4,47,19.09,54.63,429,ERROR
06:03:08,25.51,36.53,511,173,0.6,40,19.94,58.94,407,78,0.61,41,24.86,53.69,502,ERROR
06:04:08,26.3,39.11,518,216,2.54,19,24.9,44.71,430,346,3.23,17,25.94,37.98,402,PRINTING
06:05:08,19.7,36.28,474,268,1.35,13,19.1,47.49,581,224,2.95,27,27.83,47.52,442,ERROR
06:06:08,20.57,41.24,446,81,4.34,24,27.87,50.29,503,144,4.15,4,25.51,48.75,596,IDLE
06:07:08,20.78,52.16,407,487,0.64,44,,,,,,,23.47,48.97,410,IDLE
06:08:08,18.48,51.43,536,269,2.52,19,22.48,57.05,481,353,4.25,43,22.81,55.99,502,PAUSED
06:09:08,20.56,39.43,397,146,1.98,33,23.17,34.01,492,198,2.5,24,26.17,52.12,460,PAUSED
06:10:08,24.92,42.64,566,254,2.51,8,26.44,53.06,517,447,0.12,36,26.99,44.48,436,ERROR
06:11:08,22.84,56.36,453,421,0.25,4,24.45,46.87,412,399,1.77,30,25.02,31.1,511,IDLE
06:12:08,27.28,38.71,581,314,3.06,19,22.68,30.36,581,338,2.04,4,18.95,37.04,575,PRINTING
06:13:08,,,,,,,18.96,57.97,425,140,1.92,41,18.44,30.3,534,PRINTING
06:14:08,27.95,46.38,407,55,4.36,35,26.67,33.16,433,318,0.94,23,25.32,50.19,581,IDLE
06:15:08,20.17,45.9,465,409,1.13,7,26.11,49.47,494,138,0.18,37,,,,ERROR
06:16:08,,,,,,,21.63,33.63,434,238,2.64,38,20.72,54.9,527,PRINTING
06:17:08,21.46,30.72,520,381,1.03,27,24.88,47.26,536,480,2.53,45,20.84,34.62,415,ERROR
06:18:08,21.68,31.12,510,47,3.0,44,21.16,56.78,588,27,2.53,5,26.22,40.75,440,PAUSED
06:19:08,27.96,39.49,469,425,2.33,45,19.96,34.08,560,21,1.92,8,25.4,58.86,443,PAUSED
06:20:08,26.82,58.23,591,11,0.97,8,25.75,47.58,424,339,1.82,5,18.81,30.17,455,PRINTING
06:21:08,25.33,42.18,553,223,0.26,9,21.65,37.67,440,273,0.2,12,25.79,57.98,399,ERROR
06:22:08,23.95,54.41,445,37,4.42,3,22.14,54.75,517,66,2.77,25,25.03,35.8,380,PRINTING
06:23:08,21.57,39.34,455,63,2.86,41,20.13,49.29,558,179,3.89,0,24.82,46.53,470,ERROR
06:24:08,20.73,52.38,473,217,2.14,2,27.56,39.26,506,485,3.1,49,22.89,57.1,446,PAUSED
06:25:08,,,,,,,24.34,51.63,389,395,2.48,43,24.22,37.4,387,IDLE
06:26:08,,,,,,,22.7,50.81,596,365,2.8,17,26.08,33.77,525,ERROR
06:27:08,21.99,47.58,459,181,0.48,11,21.16,44.85,530,168,2.17,33,26.48,57.32,535,PRINTING
06:28:08,25.07,31.24,448,495,0.56,28,20.06,57.88,433,470,4.23,25,26.24,47.99,398,PRINTING
06:29:08,21.52,49.65,408,168,1.9,15,23.83,56.0,516,464,2.1,50,23.74,37.85,497,ERROR
06:30:08,19.62,35.06,419,474,1.21,39,20.17,40.09,550,180,1.37,2,27.69,49.84,408,IDLE
06:31:08,25.62,43.23,507,402,2.8,18,27.94,38.8,525,375,2.0,40,27.91,49.96,523,ERROR
06:32:08,23.74,50.42,467,215,0.35,37,18.57,34.68,425,242,4.14,12,26.64,35.04,514,PAUSED
06:33:08,19.63,40.73,439,126,3.94,38,,,,,,,22.09,46.84,493,ERROR
06:34:08,25.86,36.8,564,436,1.74,1,26.94,50.69,433,150,2.23,49,18.16,41.77,394,ERROR
06:35:08,24.81,50.1,484,341,2.72,18,24.4,44.59,598,421,3.34,28,22.31,43.38,420,PRINTING
06:36:08,18.93,47.18,420,135,4.0,23,18.4,45.6,504,482,0.17,46,21.34,55.73,406,IDLE
06:37:08,19.2,44.48,487,322,1.36,8,25.71,38.37,416,494,4.05,28,24.08,52.69,403,IDLE
06:38:08,23.1,40.72,393,84,3.48,14,23.86,31.03,402,500,4.56,27,20.47,36.75,435,PRINTING
06:39:08,18.48,52.15,521,452,1.75,47,23.07,33.07,508,380,3.66,7,25.74,55.17,414,PAUSED
06:40:08,25.27,43.47,587,139,1.44,22,,,,,,,23.02,58.04,482,PAUSED
06:41:08,23.82,32.41,427,57,2.74,23,27.82,49.64,408,405,1.28,26,24.28,38.13,580,IDLE
06:42:08,26.47,53.71,431,16,1.33,47,20.71,33.57,530,492,3.31,16,19.94,32.36,557,PAUSED
06:43:08,27.25,49.83,552,134,4.9,24,27.8,58.77,515,175,1.59,25,18.22,56.84,388,IDLE
06:44:08,19.01,50.58,542,240,0.62,8,22.24,55.41,397,449,2.1,39,22.28,57.51,534,IDLE
06:45:08,18.42,50.92,429,230,0.76,6,26.36,56.81,551,413,4.17,13,20.44,36.15,380,PRINTING
06:46:08,24.41,38.08,529,303,4.28,31,,,,,,,18.43,43.14,526,PAUSED
06:47:08,20.7,31.42,466,167,4.05,11,18.79,46.51,415,395,4.63,3,24.48,48.51,518,PRINTING
06:48:08,18.85,57.07,600,254,4.66,3,26.63,58.05,543,109,3.87,13,27.25,53.09,544,IDLE
06:49:08,22.52,46.39,474,154,1.67,34,22.02,57.67,388,178,3.0,32,26.78,58.65,506,PAUSED
06:50:08,19.61,51.81,438,174,3.38,28,23.7,59.57,432,436,4.16,32,22.24,42.25,421,PRINTING
06:51:08,24.21,42.48,523,342,1.96,19,24.3,57.91,462,251,1.05,40,19.5,38.63,513,IDLE
06:52:08,25.83,51.58,495,147,4.36,35,,,,,,,25.79,46.16,514,IDLE
06:53:08,25.39,51.3,474,401,0.53,2,24.69,35.25,443,158,4.82,50,22.47,48.8,547,IDLE
06:54:08,26.26,46.27,529,384,0.68,4,23.03,33.18,389,352,3.38,44,,,,IDLE
06:55:08,20.55,35.17,392,15,2.88,16,27.56,34.74,510,132,4.44,11,26.06,57.24,481,IDLE
06:56:08,26.86,57.1,571,416,3.42,38,26.15,31.58,442,166,4.13,24,26.31,37.59,531,PAUSED
06:57:08,26.53,53.21,406,394,1.92,11,19.31,56.07,509,86,4.01,47,23.99,31.77,505,PAUSED
06:58:08,26.59,56.65,512,391,0.75,28,27.07,41.59,421,143,0.44,4,,,,IDLE
06:59:08,26.1,56.18,478,273,2.67,33,20.73,44.94,461,144,2.73,50,24.16,45.5,562,PRINTING
07:00:08,22.28,39.57,471,497,1.49,41,20.31,41.13,491,464,4.03,44,21.05,47.15,482,PAUSED
07:01:08,24.48,31.52,439,472,1.34,43,25.34,37.79,487,80,1.38,35,24.21,31.52,422,PRINTING
07:02:08,20.38,41.67,525,253,1.87,37,25.22,49.96,538,193,4.53,27,26.56,32.12,430,IDLE
07:03:08,21.2,46.88,440,202,0.64,26,21.86,37.99,431,258,0.75,1,21.18,36.19,433,PRINTING
07:04:08,24.31,36.93,569,6,4.47,21,27.45,52.01,413,163,3.79,23,27.63,58.66,418,PAUSED
07:05:08,22.21,48.66,380,142,4.02,10,23.67,30.82,422,400,0.46,0,21.44,36.19,504,PRINTING
07:06:08,27.74,58.08,454,275,0.49,38,25.94,41.77,573,116,1.12,48,20.51,44.14,574,ERROR
07:07:08,27.39,32.59,505,158,4.28,19,19.63,42.93,428,84,1.15,42,23.91,51.3,384,ERROR
07:08:08,19.03,54.38,446,473,3.18,34,24.27,51.92,449,183,2.18,45,21.62,40.0,590,PAUSED
07:09:08,22.6,37.41,563,75,4.95,35,27.83,35.51,475,276,3.8,49,26.39,42.29,450,ERROR
07:10:08,26.72,43.33,398,316,1.72,20,26.21,48.65,479,220,4.82,22,25.37,45.34,549,PRINTING
07:11:08,27.17,53.24,467,399,0.45,6,18.81,37.93,525,78,2.01,48,25.63,54.96,483,ERROR
07:12:08,23.9,52.15,509,488,1.38,46,22.93,54.71,469,116,4.37,4,21.8,33.88,420,IDLE
07:13:08,,,,,,,21.79,35.53,471,64,3.5,6,21.29,34.75,407,PAUSED
07:14:08,,,,,,,21.09,46.67,517,432,2.9,18,27.76,34.83,587,IDLE
07:15:08,20.7,50.69,519,150,0.38,40,27.08,55.94,426,259,0.31,37,21.89,42.09,418,PRINTING
07:16:08,20.68,40.55,388,50,3.42,5,23.21,46.88,526,219,4.7,49,25.61,55.58,431,IDLE
07:17:08,20.01,47.56,384,267,1.59,15,18.06,49.06,509,230,4.18,30,27.26,33.18,591,ERROR
07:18:08,20.59,47.92,563,374,2.77,27,25.93,53.46,531,238,2.03,12,19.15,49.87,572,PAUSED
07:19:08,22.38,45.96,521,500,2.46,28,23.15,51.63,525,269,3.9,45,25.9,44.6,509,ERROR
07:20:08,20.81,43.56,565,404,2.83,28,22.93,30.46,503,30,3.01,26,27.6,47.98,501,PRINTING
07:21:08,23.79,30.04,534,295,0.19,3,25.94,32.86,428,131,1.81,50,18.2,36.62,515,ERROR
07:22:08,19.32,59.1,417,455,2.35,31,20.21,46.1,529,93,0.68,42,19.95,50.39,510,ERROR
07:23:08,24.57,37.2,395,485,4.57,49,18.38,44.82,421,181,1.58,41,23.61,55.55,573,PRINTING
07:24:08,25.83,35.76,497,120,2.34,21,27.3,38.7,483,65,2.74,4,22.21,52.56,451,ERROR
07:25:08,26.14,46.68,584,89,2.51,42,24.53,40.35,449,3,1.2,2,21.28,47.13,465,ERROR
07:26:08,21.05,38.9,424,495,1.07,9,25.41,30.49,473,65,0.17,33,27.46,53.36,553,PAUSED
07:27:08,20.21,50.07,385,95,0.12,30,27.46,35.94,509,318,2.13,49,19.44,32.15,536,PRINTING
07:28:08,27.78,53.78,548,62,4.14,10,24.39,56.84,443,231,2.56,49,26.1,48.92,479,IDLE
07:29:08,27.11,35.11,452,274,4.36,30,25.04,38.08,509,413,0.05,9,26.28,44.77,421,IDLE
07:30:08,25.59,34.32,410,380,3.82,4,23.02,51.38,458,476,3.86,48,21.53,55.69,569,ERROR
07:31:08,18.02,52.67,444,144,0.19,32,25.61,42.56,466,249,3.08,12,26.48,43.39,585,PRINTING
07:32:08,20.19,37.04,440,147,4.31,7,23.46,57.04,586,158,2.88,18,20.65,59.89,382,ERROR
07:33:08,22.91,43.04,579,64,3.57,15,21.82,38.42,458,318,0.73,49,26.9,48.62,552,IDLE
07:34:08,26.7,42.72,491,21,3.63,1,25.55,47.91,536,190,1.48,24,22.0,58.1,561,PRINTING
07:35:08,24.34,41.09,566,56,3.39,24,20.96,43.39,572,204,1.41,5,22.17,39.34,484,ERROR
07:36:08,19.04,34.9,431,397,0.12,7,21.04,38.47,515,146,1.37,4,22.32,49.96,457,PAUSED
07:37:08,21.71,46.56,593,474,1.37,3,27.54,41.65,493,91,3.41,32,24.13,58.03,477,IDLE
07:38:08,18.17,42.36,396,20,4.44,21,26.43,44.28,401,308,0.55,13,22.05,50.12,574,IDLE
07:39:08,22.81,47.24,386,4,1.84,25,23.4,44.78,416,428,4.91,21,23.12,32.92,425,ERROR
07:40:08,21.66,42.02,501,119,1.36,5,26.58,38.77,486,336,4.57,31,21.69,40.86,423,PRINTING
07:41:08,22.74,40.52,538,442,1.79,43,27.92,57.17,565,12,2.44,18,27.75,55.49,574,PRINTING
07:42:08,26.43,57.89,579,44,2.34,35,27.98,42.39,568,31,2.49,26,27.51,54.61,538,ERROR
07:43:08,26.19,50.28,503,418,2.25,9,18.2,40.82,474,375,4.7,16,22.08,57.79,599,IDLE
07:44:08,27.18,40.73,530,9,3.0,47,24.47,30.38,533,324,2.36,50,24.56,55.6,472,ERROR
07:45:08,23.87,38.65,599,345,1.54,7,26.51,54.5,497,188,1.02,11,24.48,39.96,579,PAUSED
07:46:08,23.45,56.99,553,107,4.34,32,21.96,39.61,385,52,3.65,27,18.58,43.17,527,PAUSED
07:47:08,27.78,47.18,462,252,5.0,40,25.06,42.21,550,441,2.79,31,20.2,48.32,596,PAUSED
07:48:08,,,,,,,21.85,52.16,554,18,1.24,27,22.03,34.87,477,PRINTING
07:49:08,19.79,38.82,584,275,3.68,21,27.69,49.7,462,28,2.56,40,26.03,48.93,526,PRINTING
07:50:08,26.86,50.19,387,296,2.73,31,18.14,36.25,399,83,3.04,42,21.45,38.7,502,PAUSED
07:51:08,24.77,36.17,425,429,3.19,12,20.07,44.8,589,189,2.54,24,18.43,47.24,415,PAUSED
07:52:08,25.51,32.42,479,417,0.72,0,21.64,41.01,543,336,4.28,3,25.97,50.57,472,ERROR
07:53:08,26.5,47.3,546,55,4.74,22,22.57,46.6,439,59,2.98,17,18.75,53.9,558,PAUSED
07:54:08,20.13,30.02,397,496,1.53,27,27.8,59.89,407,141,0.78,43,,,,PRINTING
07:55:08,24.46,49.2,479,498,1.38,29,25.03,40.02,421,418,4.48,1,20.78,33.88,441,IDLE
07:56:08,27.78,40.8,502,101,4.34,9,27.17,54.68,415,133,0.23,18,27.26,42.37,389,PAUSED
07:57:08,24.52,52.99,491,399,0.75,38,18.46,30.7,493,346,0.28,47,19.4,48.41,410,ERROR
07:58:08,20.53,55.9,514,77,2.24,9,22.96,42.09,489,120,2.19,48,18.49,38.3,487,PRINTING
07:59:09,26.53,52.95,600,138,1.49,27,26.1,35.06,432,270,3.11,40,18.99,54.73,428,PAUSED
08:00:09,24.59,59.91,560,286,4.7,37,27.65,35.45,533,78,2.79,46,21.65,37.21,410,PRINTING
08:01:09,21.87,44.16,474,477,3.45,21,25.22,57.82,537,382,0.16,30,21.14,55.37,569,PAUSED
08:02:09,,,,,,,21.1,43.95,433,480,4.88,13,21.2,55.75,474,ERROR
08:03:09,20.55,33.81,556,150,3.69,13,21.16,43.95,520,248,0.07,16,,,,PAUSED
08:04:09,21.58,52.28,579,314,4.37,43,23.71,37.81,460,421,3.37,44,24.28,52.57,531,ERROR
08:05:09,27.53,31.21,577,482,3.13,29,25.68,37.74,439,386,2.27,33,22.49,53.37,552,IDLE
08:06:09,25.77,41.62,563,490,2.34,38,25.89,57.79,539,177,3.99,7,22.51,30.84,524,PAUSED
08:07:09,24.16,42.55,544,68,2.57,43,18.69,36.04,470,362,0.35,12,20.41,44.89,397,IDLE
08:08:09,26.55,49.41,593,51,2.06,6,24.95,48.86,529,40,1.47,44,26.85,56.93,593,PRINTING
08:09:09,23.34,36.62,574,484,1.82,47,26.51,42.89,535,294,3.02,16,18.86,53.78,441,IDLE
08:10:09,18.9,52.66,579,86,1.54,49,23.36,38.57,593,260,1.45,39,27.88,31.52,469,PRINTING
08:11:09,20.61,39.36,420,377,1.54,27,23.81,48.78,531,158,0.63,47,25.74,33.69,422,PRINTING
08:12:09,25.79,35.77,417,467,1.42,23,26.92,49.58,568,434,3.09,16,,,,ERROR
08:13:09,25.16,30.66,467,397,4.22,37,18.72,47.79,442,14,4.46,14,26.75,56.68,486,PAUSED
08:14:09,24.28,52.24,558,460,4.37,26,27.77,46.51,427,181,2.32,35,18.35,49.15,381,PRINTING
08:15:09,26.39,53.26,419,299,4.03,27,25.25,47.99,595,328,1.99,31,22.74,37.99,516,PAUSED
08:16:09,26.43,55.26,386,246,2.79,27,20.33,48.59,415,121,4.81,5,22.96,57.54,433,IDLE
08:17:09,22.76,37.76,504,49,1.21,6,24.17,42.3,457,67,1.8,42,26.1,54.85,388,ERROR
08:18:09,22.55,38.4,501,195,0.24,8,26.78,36.63,569,90,4.32,25,23.48,39.81,541,IDLE
08:19:09,20.1,41.51,487,235,1.12,2,18.92,31.55,536,145,2.59,27,20.51,42.8,492,PRINTING
08:20:09,20.99,45.59,487,116,3.47,7,22.36,46.22,407,498,0.03,7,22.58,57.06,548,PRINTING
08:21:09,25.83,58.45,400,153,0.54,38,26.68,31.86,480,484,0.35,6,26.06,59.9,590,PRINTING
08:22:09,18.99,46.88,524,432,0.58,14,20.12,56.4,517,296,2.48,12,24.43,46.74,439,IDLE
08:23:09,20.03,37.93,425,470,0.54,8,19.99,56.02,443,371,2.46,36,,,,ERROR
08:24:09,25.6,37.97,442,350,4.16,34,21.73,50.69,573,17,3.98,16,21.44,45.97,577,IDLE
08:25:09,24.07,59.4,402,231,4.4,3,23.16,42.6,572,362,1.07,3,19.27,36.16,593,IDLE
08:26:09,23.02,47.43,404,228,4.91,29,21.15,52.13,505,17,2.12,50,25.74,58.01,404,PRINTING
08:27:09,19.66,33.51,554,258,2.53,19,27.97,47.89,549,104,2.51,17,20.69,32.81,478,PRINTING
08:28:09,19.76,40.12,465,270,1.2,5,27.56,43.44,569,487,4.4,48,24.96,48.94,537,PAUSED
08:29:09,27.9,39.13,493,423,1.87,43,18.8,44.36,439,60,4.99,42,19.83,43.75,436,IDLE
08:30:09,25.88,53.33,504,344,2.11,47,26.67,49.75,560,7,3.39,46,23.97,35.22,417,PAUSED
08:31:09,20.33,50.15,549,441,1.65,44,21.38,42.42,519,264,1.3,24,22.21,44.65,440,ERROR
08:32:09,26.97,59.54,383,251,4.79,1,25.7,59.32,502,143,4.14,1,,,,PAUSED
08:33:09,27.5,41.84,423,237,0.72,29,19.18,44.15,580,420,3.61,43,19.35,44.64,600,PAUSED
08:34:09,19.47,33.93,407,123,0.07,8,,,,,,,18.95,34.17,395,IDLE
08:35:09,18.33,39.59,571,308,2.79,9,18.14,57.41,560,126,4.02,29,23.01,57.09,386,ERROR
08:36:09,19.65,48.49,462,41,2.49,6,20.88,38.19,442,399,2.12,11,25.01,55.98,484,ERROR
08:37:09,26.64,42.87,437,131,0.88,6,23.29,41.28,394,332,4.73,41,21.93,58.98,409,PRINTING
08:38:09,26.86,35.63,436,443,4.95,16,27.41,58.54,390,339,4.21,28,24.68,30.71,528,PAUSED
08:39:09,22.48,38.67,453,197,3.64,40,25.13,33.06,414,34,1.44,43,26.14,54.4,507,PRINTING
08:40:09,18.58,33.45,588,164,0.87,20,24.39,36.89,589,395,2.92,27,26.55,36.43,497,PRINTING
08:41:09,20.84,53.87,587,247,0.16,29,26.91,55.43,473,106,3.42,35,19.36,33.57,463,PRINTING
08:42:09,26.44,57.72,384,302,2.41,20,19.11,42.99,503,242,0.5,34,23.22,30.21,471,PAUSED
08:43:09,23.64,44.93,531,384,0.1,19,24.89,38.03,429,318,4.57,7,20.67,46.67,448,PAUSED
08:44:09,27.13,58.99,420,308,2.24,32,23.92,47.84,492,373,0.82,27,22.57,47.95,500,PRINTING
08:45:09,22.64,48.68,526,377,0.01,7,26.91,50.54,562,103,4.68,26,20.09,54.79,453,IDLE
08:46:09,22.0,43.5,596,118,3.62,0,18.12,36.99,559,476,1.28,0,18.1,50.71,510,IDLE
08:47:09,21.07,32.67,508,464,0.31,30,26.96,47.46,568,196,0.69,2,19.52,44.06,471,IDLE
08:48:09,18.38,40.05,480,341,3.37,24,25.94,48.19,477,145,4.22,30,21.95,43.22,498,PRINTING
08:49:09,25.67,46.8,501,243,0.72,48,20.63,51.92,431,139,3.5,48,18.76,58.75,522,IDLE
08:50:09,18.85,34.83,398,369,1.85,31,24.0,41.55,573,408,3.41,2,21.58,44.04,435,ERROR
08:51:09,24.8,57.32,563,244,2.28,34,24.72,31.97,579,131,3.32,47,27.08,52.82,554,IDLE
08:52:09,27.89,48.89,471,287,0.56,19,20.26,48.62,545,413,2.51,4,23.13,56.1,535,PRINTING
08:53:09,21.75,51.21,583,475,3.84,7,26.57,31.42,385,76,2.38,8,23.06,43.02,528,ERROR
08:54:09,20.16,40.63,511,62,4.67,35,23.31,45.25,418,464,2.77,21,26.39,48.13,540,IDLE
08:55:09,25.27,53.58,457,325,3.18,10,21.41,45.52,435,465,3.02,39,20.98,44.01,591,ERROR
08:56:09,20.07,55.29,551,340,3.76,1,20.05,52.07,535,54,2.81,46,22.89,32.55,491,IDLE
08:57:09,27.59,34.02,547,241,3.3,22,24.32,44.92,427,17,2.55,12,24.82,38.82,433,PAUSED
08:58:09,21.68,53.0,469,268,4.31,28,19.9,43.49,428,336,0.1,8,21.92,42.8,558,PRINTING
08:59:09,23.42,49.87,573,364,2.88,33,23.26,59.39,472,366,1.44,3,26.41,35.6,500,ERROR
09:00:09,24.76,41.23,574,264,4.81,31,23.79,38.05,410,446,0.45,8,20.52,40.85,446,IDLE
09:01:09,26.04,30.96,413,296,1.98,45,24.87,37.42,593,488,0.98,22,21.56,48.53,495,PAUSED
09:02:09,18.71,44.04,426,347,3.58,39,24.49,33.44,513,419,3.35,43,18.73,55.46,599,PRINTING
09:03:09,,,,,,,21.39,52.41,418,339,2.44,47,21.63,32.43,388,PRINTING
09:04:09,18.76,44.61,428,239,4.22,38,21.44,54.1,493,251,3.0,2,21.64,45.87,463,PAUSED
09:05:09,26.13,47.46,454,448,4.74,31,25.26,36.41,432,242,0.61,2,24.16,54.52,392,PAUSED
09:06:09,20.16,50.45,474,26,0.74,45,24.6,36.0,577,64,2.74,22,23.52,50.54,564,ERROR
09:07:09,22.92,40.02,475,343,1.24,20,25.64,32.27,522,406,4.0,47,22.83,52.61,534,PRINTING
09:08:09,18.66,51.02,428,77,0.07,41,25.08,38.57,393,81,3.93,48,21.47,35.42,398,IDLE
09:09:09,21.21,30.03,450,355,1.02,11,27.44,49.71,513,0,2.16,38,26.15,45.35,584,IDLE
09:10:09,,,,,,,25.84,59.83,540,11,3.27,25,22.02,38.02,436,ERROR
09:11:09,18.19,41.09,468,68,3.26,1,,,,,,,27.66,35.55,459,ERROR
09:12:09,24.16,56.26,510,182,1.14,28,21.54,53.21,484,412,0.05,2,22.12,32.43,449,PAUSED
09:13:09,22.27,59.38,527,77,0.58,40,19.47,47.4,569,46,0.02,39,26.73,57.76,497,PAUSED
09:14:09,19.35,47.0,582,434,3.85,45,19.08,41.83,406,412,2.54,47,18.55,42.91,463,PAUSED
09:15:09,25.5,55.4,419,386,4.64,0,26.57,34.91,595,214,4.81,21,27.29,52.76,575,PAUSED
09:16:09,18.46,50.74,578,16,1.52,25,23.22,37.3,410,192,3.51,31,19.67,35.73,481,ERROR
09:17:09,,,,,,,23.69,44.03,489,421,3.52,34,19.47,45.94,481,ERROR
09:18:09,24.31,53.64,585,263,1.74,26,18.37,59.93,558,153,4.99,31,18.35,47.1,435,ERROR
09:19:09,21.75,50.11,530,223,2.55,29,19.62,57.17,564,312,0.34,0,18.55,48.38,525,PRINTING
09:20:09,27.9,58.99,482,188,1.63,14,25.03,43.46,440,109,4.19,4,18.5,49.59,498,ERROR
09:21:09,27.21,53.53,478,306,4.58,10,,,,,,,25.25,32.81,406,ERROR
09:22:09,22.32,33.29,386,100,3.65,34,20.2,39.12,417,274,4.81,49,18.51,37.02,434,ERROR
09:23:09,19.82,39.44,514,500,4.55,17,18.41,30.44,407,170,1.65,29,21.5,31.01,565,ERROR
09:24:09,23.3,48.89,566,484,4.16,20,25.69,42.84,519,302,1.41,46,21.93,43.08,499,PRINTING
09:25:09,20.32,46.01,557,231,0.97,47,24.81,47.36,542,177,2.79,31,23.68,30.67,437,IDLE
09:26:09,20.13,48.41,539,456,4.04,25,27.6,45.64,535,15,4.73,18,22.84,46.54,581,PRINTING
09:27:09,26.43,44.51,469,500,1.31,19,19.82,39.08,390,73,1.42,20,26.02,39.89,564,ERROR
09:28:09,19.17,41.46,385,105,0.71,43,26.3,52.85,574,344,4.27,36,22.85,59.25,431,ERROR
09:29:09,26.44,53.74,467,99,2.43,12,,,,,,,27.62,35.12,474,PAUSED
09:30:09,20.75,55.3,553,177,4.28,30,23.0,51.36,458,100,0.58,37,27.37,57.7,496,IDLE
09:31:09,18.39,46.09,532,206,4.77,16,23.86,31.14,497,116,0.85,14,25.04,31.83,450,PAUSED
09:32:09,24.75,54.66,471,77,4.84,44,26.28,40.74,510,69,0.85,23,21.33,51.88,399,ERROR
09:33:09,20.9,39.08,551,100,0.41,29,,,,,,,26.04,45.3,559,PAUSED
09:34:09,26.49,36.97,429,69,3.06,28,25.79,31.43,569,222,3.02,17,26.9,33.66,429,ERROR
09:35:09,20.35,57.02,496,103,3.44,42,19.65,40.79,504,31,0.45,19,23.62,58.75,395,IDLE
09:36:09,25.23,59.49,554,290,0.15,34,24.84,57.54,556,475,3.43,15,20.58,47.25,405,PRINTING
09:37:09,27.66,51.76,418,478,2.6,48,,,,,,,18.33,59.04,514,IDLE
09:38:09,20.88,44.24,524,490,0.61,19,25.07,49.73,554,126,2.6,9,18.69,43.52,467,PRINTING
09:39:09,25.39,58.8,600,131,4.34,33,25.2,31.43,536,69,3.52,27,22.52,46.09,446,PRINTING
09:40:09,,,,,,,24.61,48.48,597,4,0.55,10,27.7,31.68,461,PAUSED
09:41:09,22.16,46.83,384,29,2.09,17,27.99,49.6,596,439,4.71,1,18.34,48.67,459,IDLE
09:42:09,19.51,56.54,425,371,3.56,12,25.89,48.61,476,293,2.88,39,25.24,56.34,568,ERROR
09:43:09,27.89,36.49,447,321,0.77,31,22.19,52.29,575,29,1.77,39,19.1,58.84,464,IDLE
09:44:09,26.37,49.01,544,192,0.79,37,18.83,57.59,571,287,1.43,4,19.33,47.06,541,PAUSED
09:45:09,,,,,,,20.23,48.4,403,397,1.54,21,25.31,30.39,419,PRINTING
09:46:09,19.88,55.44,490,362,2.09,40,21.66,45.11,491,266,0.0,2,21.98,51.71,439,PAUSED
09:47:09,21.76,47.71,478,88,1.33,47,18.36,51.83,541,453,3.49,42,26.37,49.5,486,PAUSED
09:48:09,22.59,34.69,441,257,0.87,13,25.85,57.89,456,125,3.93,31,20.73,32.53,399,PRINTING
09:49:09,20.21,50.68,468,18,4.31,17,18.55,43.33,389,4,1.08,38,19.23,31.6,562,PRINTING
09:50:09,25.75,54.34,595,222,2.49,12,26.5,45.82,387,359,0.11,15,24.1,32.58,401,PRINTING
09:51:09,21.06,49.03,556,334,2.7,31,25.08,31.04,561,468,0.81,25,22.36,56.84,443,PAUSED
09:52:09,22.53,39.63,528,113,4.48,28,21.27,52.5,380,145,0.69,40,23.38,46.87,509,IDLE
09:53:09,22.58,50.87,489,97,3.97,26,18.55,39.1,426,409,2.38,46,19.43,59.48,448,PRINTING
09:54:09,19.98,53.53,494,408,2.08,26,25.33,43.14,428,139,0.23,36,,,,PRINTING
09:55:09,24.14,45.57,456,108,3.5,12,18.49,55.54,532,473,0.64,37,18.48,45.25,495,PAUSED
09:56:09,27.72,41.24,467,31,1.59,2,24.6,44.85,469,367,4.68,33,23.98,44.74,536,PAUSED
09:57:09,21.85,53.56,528,8,2.87,16,,,,,,,23.24,32.5,595,IDLE
09:58:09,20.55,41.59,557,104,0.82,36,,,,,,,27.5,58.15,396,IDLE
09:59:09,27.68,33.01,504,143,3.88,45,25.41,50.15,401,209,2.34,12,25.45,36.85,579,PRINTING
10:00:09,18.03,44.03,407,466,0.98,0,22.7,40.07,441,20,2.65,9,,,,IDLE
10:01:09,24.72,54.96,548,93,1.71,48,22.76,59.02,389,93,0.58,16,22.73,49.41,451,PRINTING
10:02:09,26.5,38.62,484,108,1.68,35,25.57,54.54,498,342,3.11,12,26.23,32.34,476,IDLE
10:03:09,20.11,41.01,401,393,4.92,45,19.39,30.86,575,404,0.48,23,20.64,59.72,502,PRINTING
10:04:09,18.14,37.9,523,455,3.48,35,22.0,42.06,551,256,2.49,5,25.41,54.29,551,PAUSED
10:05:09,,,,,,,26.34,57.46,433,390,4.75,14,22.12,35.43,507,PRINTING
10:06:09,25.32,33.2,468,477,2.2,17,24.2,31.57,489,400,3.64,0,22.49,30.02,598,PAUSED
10:07:09,27.04,58.44,508,69,0.07,20,23.12,41.1,599,280,4.09,7,19.85,59.59,400,ERROR
10:08:09,21.38,32.86,446,53,0.79,42,,,,,,,26.41,48.56,579,PRINTING
10:09:09,19.23,51.66,600,433,3.23,45,20.29,41.8,427,457,2.41,50,20.92,34.23,447,PRINTING
10:10:09,25.77,59.88,407,315,2.47,40,22.42,42.15,475,494,1.15,17,18.35,48.94,467,PAUSED
10:11:09,23.83,46.57,568,328,0.12,34,22.1,46.14,488,461,0.86,25,19.63,47.65,463,IDLE
10:12:09,24.44,47.31,559,439,3.49,27,18.43,51.72,477,86,1.36,41,18.71,52.11,596,IDLE
10:13:09,24.38,44.44,565,370,0.44,25,,,,,,,22.91,49.91,483,PAUSED
10:14:09,18.62,39.81,564,142,0.29,4,27.7,38.23,587,119,4.78,15,,,,PAUSED
10:15:09,21.48,44.83,514,269,2.39,49,19.03,44.78,480,495,3.96,6,18.15,36.41,475,IDLE
10:16:09,21.44,47.68,550,407,1.12,49,22.42,47.48,564,474,0.23,3,24.55,37.47,508,PAUSED
10:17:09,,,,,,,26.23,53.33,405,412,1.75,40,25.59,41.64,586,IDLE
10:18:09,20.98,39.49,596,262,3.88,26,18.97,39.81,435,401,4.21,28,25.99,56.55,447,IDLE
10:19:09,19.98,42.09,512,322,1.78,1,19.07,30.09,465,379,4.63,1,20.76,51.12,394,ERROR
10:20:09,21.96,41.54,570,188,4.66,27,24.33,38.73,424,283,4.3,4,23.0,58.42,412,ERROR
10:21:09,19.83,43.45,521,0,3.0,28,25.31,41.29,496,297,2.39,39,19.44,51.96,545,ERROR
10:22:09,,,,,,,23.92,35.16,443,492,2.42,12,22.52,42.11,574,ERROR
10:23:09,20.75,51.19,427,35,0.27,11,21.41,44.44,548,322,3.76,48,24.62,32.12,538,PAUSED
10:24:09,24.48,57.51,402,357,2.61,4,26.95,36.35,591,424,0.58,22,21.58,58.14,496,PRINTING
10:25:09,27.8,50.18,454,339,1.13,35,18.46,49.83,557,463,0.92,20,27.86,40.13,394,PRINTING
10:26:09,25.7,57.13,418,482,2.48,18,24.35,45.15,539,21,0.46,44,27.27,30.81,467,IDLE
10:27:09,22.76,50.09,443,425,2.13,40,18.81,31.51,585,225,1.02,22,26.03,52.88,487,PAUSED
10:28:09,25.67,56.74,466,40,4.99,7,21.27,51.74,505,254,0.4,38,22.37,34.15,442,ERROR
10:29:09,18.1,35.34,479,231,3.63,46,21.34,59.35,399,361,1.28,24,24.95,30.05,499,PAUSED
10:30:09,26.33,38.9,501,12,4.16,36,20.73,58.84,540,395,3.18,26,19.67,52.71,571,ERROR
10:31:09,22.19,30.38,434,481,1.08,9,20.11,35.21,462,376,1.74,2,27.29,35.61,560,IDLE
10:32:09,27.66,34.51,573,496,2.58,2,27.51,56.17,573,475,2.57,45,24.61,41.31,550,PAUSED
10:33:09,,,,,,,20.25,53.56,430,337,4.34,0,21.5,35.14,426,PAUSED
10:34:09,26.08,37.73,471,47,1.05,40,23.7,58.66,389,101,1.49,9,,,,ERROR
10:35:09,19.83,59.24,505,124,3.89,4,22.26,39.85,514,364,3.57,45,25.54,56.7,381,PRINTING
10:36:09,19.04,31.2,383,224,4.51,12,24.92,48.0,387,435,1.45,31,18.3,43.87,481,PRINTING
10:37:09,23.42,40.91,512,226,0.93,45,,,,,,,,,,IDLE
10:38:10,24.28,45.87,584,214,3.68,11,27.37,45.82,585,186,1.54,13,27.88,41.43,534,PAUSED
10:39:10,19.95,34.64,574,196,0.24,43,26.94,46.44,408,333,3.09,14,18.47,50.22,553,IDLE
10:40:10,26.2,47.41,449,283,2.53,2,27.57,34.26,556,488,0.81,0,21.57,59.36,438,PAUSED
10:41:10,20.28,37.25,516,318,1.04,3,19.74,45.67,380,41,4.34,36,20.66,40.17,447,IDLE
10:42:10,20.34,31.98,600,229,3.83,23,20.3,37.64,447,42,1.29,46,23.61,40.29,504,PRINTING
10:43:10,20.42,31.05,459,251,3.31,33,21.55,53.97,531,14,2.24,32,22.94,34.61,448,ERROR
10:44:10,22.73,38.06,459,102,4.29,32,22.47,35.51,402,85,3.46,4,23.62,34.75,503,PAUSED
10:45:10,21.43,54.43,410,425,3.68,30,19.23,45.16,404,337,3.24,23,22.4,40.47,499,PRINTING
10:46:10,22.13,47.94,525,361,1.62,46,27.12,55.07,390,449,3.64,48,27.54,53.76,405,PRINTING
10:47:10,21.09,57.13,537,469,0.21,8,24.26,51.67,446,327,1.41,42,26.28,35.0,451,ERROR
10:48:10,21.81,56.19,599,287,1.17,21,25.34,55.7,473,108,1.78,8,19.4,50.59,502,PRINTING
10:49:10,21.06,48.46,539,282,2.49,35,20.14,59.68,438,2,2.53,28,26.93,43.25,578,ERROR
10:50:10,27.81,53.04,477,79,0.26,49,26.32,43.26,559,251,3.82,7,19.75,31.75,528,PRINTING
10:51:10,22.48,34.46,506,487,0.44,6,18.88,50.29,590,76,4.35,30,20.22,47.38,502,IDLE
10:52:10,25.3,35.26,586,411,1.04,50,20.12,50.9,413,205,1.69,20,26.4,30.32,472,PAUSED
10:53:10,27.52,45.52,599,61,2.64,26,18.84,48.31,423,395,3.51,2,27.84,59.11,386,PRINTING
10:54:10,27.76,42.12,400,220,4.67,36,,,,,,,18.07,49.23,529,PRINTING
10:55:10,27.4,46.98,401,333,4.99,49,23.0,32.76,478,243,0.05,3,24.99,34.48,507,PAUSED
10:56:10,24.72,35.28,453,490,1.97,20,26.9,43.04,591,76,4.23,7,,,,PAUSED
10:57:10,24.46,52.09,412,459,1.64,9,,,,,,,25.1,31.74,398,PRINTING
10:58:10,19.97,46.41,521,145,4.83,21,25.3,36.17,543,443,0.14,45,24.65,32.0,400,ERROR
10:59:10,24.48,47.25,406,160,0.87,40,20.62,35.57,485,274,2.84,48,23.6,30.07,539,PRINTING
11:00:10,24.42,37.81,441,395,0.91,17,25.74,58.61,594,323,4.4,41,18.36,53.41,500,IDLE
11:01:10,20.81,57.79,389,319,4.43,37,20.27,48.5,472,472,2.4,36,22.33,35.83,485,PAUSED
11:02:10,20.57,46.49,479,360,0.27,31,23.73,33.21,576,178,3.66,30,25.18,53.37,409,PRINTING
11:03:10,22.14,37.58,437,486,4.59,38,20.84,38.22,531,207,0.47,34,26.19,37.38,455,ERROR
11:04:10,19.97,50.79,533,113,3.24,24,20.57,48.51,576,469,1.02,24,22.37,39.89,496,IDLE
11:05:10,26.09,57.66,452,284,1.28,20,23.78,57.36,436,177,4.48,37,20.87,55.44,463,ERROR
11:06:10,18.14,56.24,502,400,1.07,43,20.18,36.97,440,181,0.11,29,26.91,45.65,483,PAUSED
11:07:10,23.46,56.26,554,352,0.42,6,27.63,37.37,416,349,4.21,2,,,,IDLE
11:08:10,26.63,44.56,440,441,2.52,36,27.15,35.0,599,380,0.22,15,24.65,45.09,447,PRINTING
11:09:10,22.52,46.61,529,195,1.93,2,20.55,45.32,460,55,4.66,17,24.56,57.33,414,PRINTING
11:10:10,25.77,42.08,573,22,1.6,43,21.54,58.33,505,165,1.86,37,20.37,37.9,472,PAUSED
11:11:10,21.75,39.49,546,269,4.66,25,27.13,36.83,554,427,0.18,16,24.91,31.9,469,ERROR
11:12:10,22.38,51.44,495,483,3.11,31,18.13,50.62,538,220,3.57,44,26.79,43.5,594,PRINTING
11:13:10,23.44,41.1,386,75,2.76,41,26.19,31.48,599,324,1.11,35,21.06,47.16,464,PAUSED
11:14:10,20.84,59.43,453,56,0.41,0,22.19,43.33,543,234,3.84,7,24.05,45.71,416,PRINTING
11:15:10,21.0,45.98,386,15,2.52,47,18.79,39.59,527,493,3.84,22,20.06,52.28,585,PRINTING
11:16:10,26.99,35.15,477,395,1.29,46,18.29,53.61,523,443,4.42,33,24.12,39.49,473,ERROR
11:17:10,27.49,40.66,512,248,2.39,32,18.77,38.36,417,388,0.6,47,25.55,50.33,475,IDLE
11:18:10,25.27,31.67,518,386,4.3,9,20.99,50.21,401,467,2.35,27,19.42,55.38,541,PAUSED
11:19:10,26.71,47.46,418,275,0.15,13,21.06,31.95,380,217,4.19,3,25.48,51.65,520,PAUSED
11:20:10,18.5,31.39,535,463,3.68,33,21.77,49.77,584,39,4.44,42,18.69,34.15,517,ERROR
11:21:10,23.68,56.24,581,107,3.2,47,20.29,52.17,554,296,0.21,16,19.68,53.24,569,PAUSED
11:22:10,24.05,51.26,530,124,0.19,43,19.57,52.36,565,106,3.92,19,22.33,36.56,389,IDLE
11:23:10,19.42,42.11,534,17,3.73,13,27.68,50.85,452,93,2.22,41,25.0,37.91,505,ERROR
11:24:10,26.24,45.53,456,16,1.49,44,22.78,32.02,561,178,0.25,17,23.18,36.79,385,ERROR
11:25:10,19.42,57.2,540,478,3.01,41,18.28,40.96,424,117,4.39,21,18.7,59.48,490,IDLE
11:26:10,18.13,43.68,526,231,4.64,41,20.09,43.29,485,91,1.38,28,23.53,33.68,592,ERROR
11:27:10,27.89,55.5,592,459,4.32,34,23.16,39.05,432,275,1.23,22,25.03,34.3,430,PRINTING
11:28:10,22.5,45.52,404,444,3.88,42,20.56,58.56,477,308,4.97,36,21.29,45.32,485,ERROR
11:29:10,22.19,33.21,518,456,4.43,43,26.59,47.28,419,92,1.42,19,22.3,52.69,535,ERROR
11:30:10,22.52,31.94,464,474,2.62,39,27.12,44.51,400,138,2.13,47,22.78,57.23,590,IDLE
11:31:10,25.23,38.83,453,112,2.82,43,25.84,32.63,555,444,2.83,17,25.69,58.72,384,PRINTING
11:32:10,20.71,53.14,534,105,2.0,47,27.1,51.38,408,250,0.9,25,27.48,47.14,448,PRINTING
11:33:10,25.55,39.75,397,406,0.36,15,21.5,59.36,547,141,4.53,16,21.34,41.96,557,ERROR
11:34:10,25.77,34.46,512,303,2.94,3,24.45,47.67,439,78,1.43,11,19.51,45.68,502,PAUSED
11:35:10,24.62,49.44,496,332,4.11,23,22.8,41.65,405,346,0.26,17,26.52,47.17,461,PRINTING
11:36:10,23.95,58.14,581,268,1.98,41,24.98,35.79,433,445,3.65,15,22.33,31.11,582,PRINTING
11:37:10,26.97,47.17,567,0,0.88,24,19.77,42.7,421,130,1.53,32,20.56,59.46,447,ERROR
11:38:10,22.83,57.8,469,498,0.51,41,19.25,56.9,556,489,3.4,20,22.6,44.93,396,PRINTING
11:39:10,19.84,39.63,595,385,1.77,40,25.66,37.79,476,323,0.58,6,26.56,40.33,432,PRINTING
11:40:10,27.26,35.32,589,342,4.45,23,18.54,39.51,396,231,1.71,50,18.64,50.85,471,ERROR
11:41:10,23.6,42.3,536,406,0.94,48,19.14,39.21,469,65,4.4,29,23.72,54.65,396,ERROR
11:42:10,18.98,41.06,535,291,3.98,30,25.51,54.48,396,96,2.88,40,18.06,45.88,533,IDLE
11:43:10,18.95,54.93,428,106,2.08,19,23.0,49.38,493,150,1.41,30,27.71,37.49,484,IDLE
11:44:10,26.83,45.92,479,19,3.87,26,25.99,49.67,469,168,3.65,33,23.64,44.16,498,PAUSED
11:45:10,18.3,59.36,583,13,1.4,29,25.95,37.48,530,412,2.05,22,22.4,30.5,412,IDLE
11:46:10,25.37,52.91,563,331,1.86,19,26.52,50.96,598,301,0.4,34,20.63,39.27,400,ERROR
11:47:10,22.99,33.86,549,170,3.13,34,,,,,,,20.24,58.17,447,ERROR
11:48:10,,,,,,,23.78,48.17,558,23,4.74,1,20.53,39.58,407,PRINTING
11:49:10,25.3,34.58,494,98,1.25,50,26.5,54.11,586,210,4.59,40,18.33,44.55,388,ERROR
11:50:10,23.37,37.26,599,59,0.03,42,18.37,30.53,433,396,1.08,11,25.28,37.5,455,IDLE
11:51:10,23.0,56.26,490,67,2.07,22,20.06,32.59,380,322,3.78,4,,,,PRINTING
11:52:10,26.36,54.5,578,117,4.28,45,26.04,34.38,496,369,3.85,22,20.36,31.47,459,PAUSED
11:53:10,18.83,46.86,557,40,4.16,27,,,,,,,27.03,37.79,425,IDLE
11:54:10,24.87,51.26,442,178,4.77,33,22.06,48.8,500,249,0.19,1,22.21,54.75,552,PRINTING
11:55:10,22.94,38.53,474,237,2.56,45,23.62,56.19,474,39,2.9,8,27.57,42.3,502,PRINTING
11:56:10,20.21,53.06,438,133,3.08,26,26.57,30.07,456,91,4.06,25,18.02,34.08,539,PAUSED
11:57:10,23.19,43.26,394,410,1.99,26,19.47,43.38,408,272,4.8,50,20.99,49.33,512,PRINTING
11:58:10,25.24,56.42,591,473,2.96,0,27.79,59.55,471,242,3.19,32,25.7,48.63,516,IDLE
11:59:10,25.82,40.03,532,37,3.24,24,22.47,41.59,390,14,3.35,32,21.65,31.15,578,PAUSED
12:00:10,,,,,,,19.95,36.33,575,247,1.83,4,23.31,53.66,525,ERROR
12:01:10,23.44,43.87,409,68,3.14,36,25.57,56.03,582,55,4.68,15,23.85,30.52,548,PAUSED
12:02:10,20.24,53.85,385,166,3.94,32,21.88,35.89,552,275,1.59,40,27.9,44.28,428,IDLE
12:03:10,27.89,30.87,525,456,2.29,49,25.94,52.51,420,306,3.92,27,22.72,40.22,543,PAUSED
12:04:10,22.26,53.87,512,373,3.17,39,22.17,53.57,559,466,3.83,7,24.18,47.41,426,IDLE
12:05:10,20.22,56.02,485,338,4.35,23,19.81,56.17,395,347,4.96,34,18.57,59.79,540,PRINTING
12:06:10,25.54,41.94,455,458,4.84,6,18.09,55.94,509,258,4.22,7,25.29,50.19,383,PRINTING
12:07:10,26.91,44.5,406,61,3.13,38,20.15,39.36,470,36,4.3,24,25.81,43.4,536,IDLE
12:08:10,21.32,48.74,383,51,3.01,42,22.39,48.7,579,49,1.77,17,22.92,40.19,539,PRINTING
12:09:10,21.08,32.65,416,39,3.65,22,26.1,45.28,575,359,4.98,12,24.89,57.97,421,PRINTING
12:10:10,23.23,58.49,441,131,0.59,46,21.4,51.33,537,127,3.18,25,18.78,40.55,504,PRINTING
12:11:10,22.95,57.4,532,234,0.94,41,25.83,50.26,586,453,1.54,34,22.29,47.25,542,PAUSED
12:12:10,26.18,55.25,431,405,2.96,19,24.65,44.0,532,416,1.0,11,24.5,53.53,459,ERROR
12:13:10,26.77,48.94,406,58,1.53,29,27.43,42.79,536,408,1.38,1,21.12,52.21,541,ERROR
12:14:10,23.9,52.43,572,195,4.64,36,24.06,52.85,504,311,2.8,34,25.5,55.56,511,PAUSED
12:15:10,25.38,48.26,474,119,0.62,47,23.71,41.6,435,37,3.99,17,26.54,58.31,495,PAUSED
12:16:10,21.56,36.37,472,60,4.68,15,26.7,45.69,418,377,2.67,29,,,,IDLE
12:17:10,,,,,,,23.03,30.52,391,481,3.08,12,23.35,56.15,520,PRINTING
12:18:10,25.83,42.79,457,432,2.82,32,20.63,38.86,481,271,4.76,6,19.45,39.26,577,PAUSED
12:19:10,20.11,58.98,476,339,1.71,16,21.04,50.39,390,147,2.79,13,18.92,43.11,381,PRINTING
12:20:10,25.77,33.77,441,233,0.07,34,22.44,46.87,572,180,0.9,45,26.47,40.85,563,PAUSED
12:21:10,27.99,48.11,525,100,0.93,14,22.8,58.26,461,230,3.33,28,18.27,35.14,462,PAUSED
12:22:10,23.47,45.89,489,234,3.45,18,23.18,34.22,546,131,0.93,42,22.47,44.49,596,ERROR
12:23:10,25.79,45.5,587,177,0.78,30,20.34,54.88,489,11,0.92,35,24.66,30.33,449,PRINTING
12:24:10,22.37,58.77,558,209,3.58,38,18.4,37.62,571,298,1.19,3,26.03,42.94,388,PAUSED
12:25:10,,,,,,,26.71,30.78,596,375,3.54,45,21.65,50.96,447,IDLE
12:26:10,22.21,30.81,395,233,4.32,43,24.18,40.35,408,238,0.29,1,27.63,56.33,513,IDLE
12:27:10,22.82,34.11,593,348,4.09,23,19.59,59.97,458,372,3.88,49,23.17,32.8,385,IDLE
12:28:10,26.81,40.23,480,185,1.96,39,22.55,53.13,542,144,0.56,30,22.58,35.8,585,IDLE
12:29:10,27.41,55.79,463,299,4.6,31,23.28,55.73,462,427,1.59,1,27.0,46.21,538,ERROR
12:30:10,23.27,47.4,577,18,2.46,32,,,,,,,19.29,43.37,483,PRINTING
12:31:10,23.81,55.3,525,337,0.96,0,27.66,50.67,383,34,0.44,17,25.25,50.87,450,PRINTING
12:32:10,22.06,32.28,477,463,3.77,15,22.58,56.17,464,299,4.89,16,19.49,45.38,428,ERROR
12:33:10,18.58,43.25,432,371,4.04,27,20.37,53.99,452,19,2.39,39,19.06,47.71,423,ERROR
12:34:10,26.41,56.25,585,364,0.61,21,19.79,53.26,592,399,0.05,12,27.94,38.31,425,ERROR
12:35:10,26.94,56.96,555,305,1.0,5,24.05,50.44,412,425,4.27,37,27.13,35.85,499,PRINTING
12:36:10,21.63,38.03,542,115,4.18,1,18.66,43.57,554,355,2.48,42,25.25,46.69,402,IDLE
12:37:10,21.69,30.82,581,80,0.89,37,21.23,42.92,560,470,2.78,41,23.41,48.55,554,ERROR
12:38:10,25.91,56.66,383,72,2.51,12,,,,,,,19.88,49.36,544,ERROR
12:39:10,21.45,36.58,578,84,3.91,47,24.88,45.88,522,350,2.47,47,27.62,32.09,524,PAUSED
12:40:10,19.59,46.45,595,197,2.95,5,22.47,57.34,514,300,2.6,34,22.83,52.25,494,PAUSED
12:41:10,21.47,49.4,480,406,0.16,22,18.19,32.7,396,454,2.83,36,23.62,33.82,506,PRINTING
12:42:10,18.94,32.28,496,19,1.09,22,19.81,53.53,581,178,2.9,25,25.9,39.99,425,PRINTING
12:43:10,,,,,,,22.86,56.78,440,496,4.62,21,24.24,35.66,403,PRINTING
12:44:10,23.85,53.85,533,388,3.5,1,22.3,49.72,503,177,0.35,2,23.35,31.27,530,IDLE
12:45:10,26.84,48.76,511,409,3.58,47,22.24,57.0,440,471,0.92,23,25.49,54.17,415,PRINTING
12:46:10,25.86,43.1,553,493,2.03,47,21.4,42.92,395,373,1.66,41,22.38,46.81,500,PRINTING
12:47:10,24.24,51.61,394,32,1.47,43,20.92,44.72,591,433,1.36,31,20.78,58.55,391,PAUSED
12:48:10,23.97,30.85,524,343,3.42,49,24.63,49.37,509,74,0.04,49,25.47,47.82,472,PRINTING
12:49:10,,,,,,,27.75,52.45,577,35,0.47,46,24.48,43.57,386,ERROR
12:50:10,19.96,56.1,557,59,0.97,10,21.69,47.17,399,276,4.03,36,23.87,45.47,501,ERROR
12:51:10,20.75,43.43,560,35,2.46,46,21.21,42.88,532,220,3.95,21,21.24,31.86,429,IDLE
12:52:10,18.52,35.23,539,69,4.95,47,22.25,50.05,486,271,1.23,2,20.54,34.82,546,ERROR
12:53:10,19.48,55.8,391,319,0.17,5,18.82,47.15,415,356,2.28,42,24.71,52.27,395,ERROR
12:54:10,27.84,49.55,420,487,4.33,3,20.08,59.09,384,484,1.59,14,27.26,53.52,495,PRINTING
12:55:10,20.28,37.97,550,137,2.34,26,22.51,32.08,510,422,3.68,17,24.3,33.43,585,PRINTING
12:56:10,24.35,47.37,575,80,4.09,17,24.61,33.93,397,118,2.65,34,25.05,34.1,438,IDLE
12:57:10,23.47,30.87,465,60,1.18,23,26.11,32.56,387,146,4.42,31,21.88,42.38,449,ERROR
12:58:10,20.31,41.84,514,75,2.04,44,26.89,57.08,476,45,0.55,2,26.25,35.12,456,PAUSED
12:59:10,26.24,55.32,393,398,3.42,29,,,,,,,27.25,34.55,490,IDLE
13:00:10,19.32,45.28,558,445,2.75,24,,,,,,,26.48,50.42,382,IDLE
13:01:10,23.82,57.8,482,381,2.08,23,21.03,59.86,497,57,2.76,29,19.98,51.42,536,IDLE
13:02:10,27.92,49.18,404,302,0.52,38,22.58,38.05,590,145,2.48,5,26.72,33.0,571,PRINTING
13:03:10,25.52,59.99,393,162,0.11,19,27.47,39.04,438,371,1.06,38,20.61,59.98,465,ERROR
13:04:10,23.82,58.44,576,451,4.97,1,18.73,44.14,591,397,2.66,42,23.95,46.82,429,PAUSED
13:05:10,25.03,56.19,585,227,1.17,41,20.16,41.7,410,228,4.54,9,,,,PAUSED
13:06:10,19.18,54.0,457,496,0.47,33,19.66,50.03,488,327,4.42,9,23.4,44.94,550,PRINTING
13:07:10,18.88,46.26,563,14,1.37,47,24.2,58.05,529,306,4.45,0,25.46,54.07,548,ERROR
13:08:10,24.13,30.04,571,208,1.57,45,20.37,59.54,497,128,2.32,14,20.26,38.37,485,PAUSED
13:09:10,26.97,57.91,526,0,4.11,43,24.2,32.36,404,472,4.89,37,27.03,38.28,431,PRINTING
13:10:10,26.05,58.74,464,48,0.62,37,27.71,31.42,524,477,2.94,47,22.72,49.61,580,PRINTING
13:11:10,21.14,49.74,522,297,1.74,13,19.56,34.19,541,180,1.85,5,26.91,50.57,572,PRINTING
13:12:10,26.69,39.26,495,155,2.27,48,22.46,35.27,458,467,3.55,19,22.88,31.76,578,PRINTING
13:13:10,27.18,40.64,500,315,4.44,38,18.04,49.41,443,11,0.59,49,,,,IDLE
13:14:10,22.13,33.26,589,286,4.18,36,24.03,57.32,556,441,4.41,15,27.33,32.71,461,PAUSED
13:15:10,18.38,47.98,426,323,3.9,27,21.54,56.73,593,388,3.5,49,28.0,40.08,501,PAUSED
13:16:10,18.29,45.96,399,28,3.33,3,25.01,37.31,553,309,1.32,47,20.47,47.02,499,IDLE
13:17:10,23.48,47.49,542,469,1.43,47,26.41,44.76,488,152,2.37,30,20.14,58.77,399,ERROR
13:18:10,19.47,44.79,453,52,0.3,16,19.04,58.35,398,426,1.06,37,22.86,30.36,384,PRINTING
13:19:10,22.54,36.76,543,278,1.27,40,20.69,50.05,570,452,4.95,35,25.93,57.87,531,IDLE
13:20:10,20.33,43.73,563,487,0.61,8,26.75,34.02,539,45,4.39,24,21.21,33.32,487,PRINTING
13:21:10,18.24,54.81,588,141,1.33,29,21.06,53.9,393,354,3.73,38,22.62,47.24,599,IDLE
13:22:10,24.75,34.36,482,19,0.52,4,24.1,34.93,407,213,4.21,46,18.02,58.7,387,IDLE
13:23:10,26.54,53.35,535,330,1.68,39,24.54,54.89,485,402,2.01,24,21.49,51.89,408,IDLE
13:24:10,26.77,43.96,482,429,1.54,48,26.02,43.41,521,120,4.02,4,26.18,52.39,427,PRINTING
13:25:10,23.78,56.26,487,432,3.48,20,18.64,48.87,590,39,2.59,35,24.94,32.1,518,IDLE
13:26:10,22.4,46.67,453,218,0.47,21,26.28,49.38,528,70,4.02,49,20.5,45.8,589,PRINTING
13:27:10,22.47,55.0,472,191,4.13,13,22.83,35.41,489,76,2.8,19,24.99,59.06,389,IDLE
13:28:10,21.37,48.94,434,346,0.73,41,,,,,,,20.42,33.05,526,IDLE
13:29:10,25.98,34.35,552,75,0.22,1,19.67,48.3,417,263,3.75,38,,,,ERROR
13:30:10,23.96,59.91,544,135,3.1,3,26.59,46.05,583,212,4.48,16,19.09,47.46,549,ERROR
13:31:10,26.66,59.53,438,88,3.96,0,22.6,45.28,522,481,4.6,10,27.74,47.74,559,PAUSED
13:32:10,,,,,,,26.4,30.65,416,68,2.49,48,21.17,54.34,460,PRINTING
13:33:10,25.66,33.68,473,159,0.18,14,19.46,43.55,451,28,1.78,39,19.97,40.57,458,PAUSED
13:34:10,22.11,44.03,540,202,2.35,5,27.21,31.8,415,495,2.18,40,20.52,46.5,415,ERROR
13:35:10,19.22,31.52,429,262,2.77,3,26.27,51.14,477,307,1.89,38,,,,IDLE
13:36:10,19.11,58.08,572,461,2.87,6,21.13,38.73,415,283,0.16,12,19.81,47.9,535,IDLE
13:37:10,19.56,38.6,535,339,4.54,6,26.02,33.05,599,40,2.71,29,27.2,36.89,557,PAUSED
13:38:10,22.73,41.2,457,487,0.6,30,21.31,38.93,488,56,2.73,4,26.84,34.43,475,PRINTING
13:39:10,25.56,31.43,383,266,0.33,25,21.7,39.35,526,125,4.02,11,19.83,42.26,525,IDLE
13:40:10,20.2,33.7,454,46,3.2,5,23.04,31.67,510,18,2.59,25,22.51,35.77,523,IDLE
13:41:10,24.68,36.0,542,248,0.81,29,25.74,53.77,561,238,3.79,20,18.82,56.24,422,PAUSED
13:42:10,27.51,46.22,464,382,2.78,36,24.44,41.05,381,359,4.29,49,21.46,38.24,406,ERROR
13:43:10,18.96,57.91,578,5,1.8,21,22.1,59.27,394,269,0.11,31,26.36,33.25,404,PRINTING
13:44:10,26.78,41.89,516,410,3.96,41,26.91,57.6,561,112,1.77,42,21.56,33.4,522,PRINTING
13:45:10,21.92,43.83,512,270,0.86,15,21.63,36.46,557,421,2.43,11,22.59,31.39,534,PRINTING
13:46:10,27.53,47.55,476,322,0.71,45,27.16,38.63,380,177,2.01,14,23.93,37.39,516,PRINTING
13:47:10,18.4,52.65,527,161,4.96,37,19.36,45.36,587,480,3.96,27,,,,ERROR
13:48:10,22.61,31.28,383,139,2.38,1,25.5,51.76,516,36,2.49,11,,,,PAUSED
13:49:10,26.01,45.05,430,95,4.21,39,24.63,34.06,532,262,1.18,3,23.66,56.75,554,PAUSED
13:50:10,21.95,53.69,528,115,0.68,14,22.73,55.71,564,308,0.43,45,24.68,41.61,482,IDLE
13:51:10,22.26,55.61,397,483,1.08,32,18.39,51.47,395,76,0.63,1,18.93,41.22,514,ERROR
13:52:10,19.35,37.73,456,234,2.64,28,24.95,34.95,539,5,3.46,24,25.41,58.19,561,PAUSED
13:53:10,18.1,53.34,585,368,3.11,7,25.16,56.38,577,475,4.74,36,21.65,44.53,504,ERROR
13:54:10,22.25,40.64,530,4,3.07,17,23.44,55.7,441,153,3.04,12,24.46,56.68,395,IDLE
13:55:10,25.87,51.6,441,183,2.08,23,25.99,44.56,427,37,1.63,13,21.91,39.07,534,IDLE
13:56:10,18.63,41.73,550,184,1.0,3,27.2,49.96,596,444,0.4,48,22.25,31.7,488,IDLE
13:57:10,24.48,40.89,547,128,4.76,23,18.74,43.59,530,368,3.28,21,23.72,46.31,387,PRINTING
13:58:10,19.77,48.08,518,67,4.79,44,25.53,57.51,400,181,3.81,31,23.63,48.24,399,IDLE
13:59:10,19.15,35.16,398,225,4.51,21,25.47,50.9,461,384,1.03,40,19.13,40.34,499,PRINTING
14:00:10,18.65,46.19,575,146,1.94,37,18.75,47.69,559,275,2.53,18,,,,ERROR
14:01:10,23.05,38.79,571,252,3.48,2,23.08,50.31,381,211,3.71,4,26.36,47.57,517,PAUSED
14:02:10,27.75,48.13,432,166,1.74,16,25.09,49.17,441,181,4.23,32,27.37,35.03,492,PRINTING
14:03:10,23.64,38.4,600,494,2.99,33,18.58,57.86,539,490,2.43,15,22.43,43.69,517,PRINTING
14:04:10,21.12,59.84,520,112,1.76,8,18.74,33.67,584,357,2.56,40,18.21,55.24,475,PAUSED
14:05:10,20.47,40.49,565,146,4.2,22,23.36,49.81,436,368,0.17,14,27.57,56.37,511,ERROR
14:06:10,20.0,40.52,582,488,3.78,38,26.85,38.6,476,38,2.96,15,18.8,31.04,451,PRINTING
14:07:10,25.65,38.9,385,440,4.09,15,23.94,38.72,597,264,0.91,4,18.8,40.27,407,PAUSED
14:08:10,23.51,38.41,564,57,2.77,2,25.74,40.98,521,145,4.94,27,21.5,39.32,546,PRINTING
14:09:10,24.71,38.43,518,17,1.99,40,25.99,52.02,411,218,2.71,30,20.13,43.59,518,IDLE
14:10:10,21.96,30.42,490,376,0.08,12,19.82,54.96,486,107,4.65,28,21.2,42.68,480,PRINTING
14:11:10,25.33,58.16,501,348,0.18,14,18.84,49.85,558,223,3.78,34,23.04,34.42,429,IDLE
14:12:10,21.52,40.82,461,104,1.89,0,,,,,,,19.46,50.86,556,PAUSED
14:13:10,19.43,33.72,499,176,0.03,45,24.19,56.25,391,63,2.32,20,20.3,34.8,506,PAUSED
14:14:10,18.94,45.76,541,498,1.74,11,25.8,54.51,507,449,1.57,4,20.57,30.24,539,PRINTING
14:15:10,18.94,32.78,473,414,4.21,11,27.6,49.41,465,391,0.11,21,19.36,45.61,562,PRINTING
14:16:10,22.43,47.04,524,54,2.62,24,25.35,43.14,449,192,4.76,15,25.17,41.16,472,IDLE
14:17:10,19.84,50.23,467,184,0.46,42,23.04,59.01,485,46,1.12,43,27.52,52.96,431,PAUSED
14:18:10,25.93,38.97,397,25,0.08,39,24.77,48.08,392,357,2.58,0,27.43,54.41,591,ERROR
14:19:10,20.4,36.3,406,83,4.44,34,23.52,42.21,405,39,4.88,37,22.91,37.05,386,IDLE
14:20:10,27.94,56.36,539,366,0.59,41,27.26,56.4,558,274,2.01,49,24.9,50.96,423,ERROR
14:21:10,20.22,35.07,574,451,3.36,5,23.24,42.26,457,326,4.05,50,22.26,34.9,580,IDLE
14:22:10,22.85,55.33,478,125,2.66,12,18.18,59.46,470,166,4.54,13,20.28,36.04,523,ERROR
14:23:10,26.63,31.39,521,364,1.08,0,18.48,38.96,570,140,2.44,25,23.4,33.08,537,PAUSED
14:24:10,18.38,51.82,510,317,0.04,40,19.84,36.25,389,350,2.73,31,26.49,39.28,535,ERROR
14:25:10,24.66,35.11,420,355,2.83,4,22.53,39.73,559,17,2.29,25,26.71,58.15,549,PAUSED
14:26:10,25.16,43.56,540,220,3.03,10,19.37,38.69,403,29,4.06,27,26.34,38.2,480,PRINTING
14:27:10,26.62,55.07,597,68,0.29,20,21.68,44.03,434,210,2.61,27,24.16,55.2,438,ERROR
14:28:10,18.95,57.88,429,49,4.55,45,23.13,46.78,496,108,2.4,17,24.36,38.02,425,ERROR
14:29:10,22.87,34.77,412,25,0.5,2,22.74,36.31,453,329,0.39,22,24.07,49.95,434,ERROR
14:30:10,,,,,,,23.96,39.42,383,122,3.45,24,18.48,37.05,469,PAUSED
14:31:10,18.05,43.22,530,191,1.91,23,20.51,45.84,538,168,4.7,3,21.36,35.5,469,PRINTING
14:32:10,20.82,56.82,576,48,3.47,32,18.9,34.42,531,60,4.13,3,,,,PAUSED
14:33:10,24.89,34.95,466,245,1.8,15,24.63,43.47,479,357,4.43,15,23.59,43.25,459,PAUSED
14:34:10,22.71,35.42,449,100,2.56,27,19.79,42.91,458,123,1.04,46,25.03,33.5,513,PRINTING
14:35:10,21.69,47.23,519,88,2.01,7,26.77,43.14,470,382,2.62,10,19.84,47.55,524,PRINTING
14:36:10,27.91,41.06,509,492,4.88,27,27.82,47.18,436,153,2.95,35,19.08,43.4,392,IDLE
14:37:10,18.9,36.41,579,349,4.66,17,25.35,31.43,451,214,0.89,39,18.99,33.13,535,ERROR
14:38:10,,,,,,,24.95,50.64,593,96,0.43,8,26.33,42.44,506,ERROR
14:39:10,25.51,43.47,388,216,1.6,50,22.02,52.43,427,18,2.51,29,19.34,36.34,474,IDLE
14:40:10,25.67,31.23,496,226,3.5,8,20.71,41.48,532,97,4.2,48,27.49,59.56,566,ERROR
14:41:10,21.05,46.8,423,403,4.74,35,19.26,30.55,431,279,4.5,33,24.72,36.57,469,PRINTING
14:42:10,19.75,49.63,550,282,2.36,28,26.35,33.5,460,179,3.03,5,25.03,34.35,380,PRINTING
14:43:10,18.46,39.8,537,3,1.6,27,22.45,51.97,484,103,4.19,3,21.64,44.4,488,ERROR
14:44:10,27.79,38.31,385,40,4.42,29,,,,,,,24.3,59.68,599,PAUSED
14:45:10,22.01,37.59,426,464,1.01,4,19.88,49.38,407,204,2.31,18,18.42,41.22,587,IDLE
14:46:10,21.34,47.13,587,96,4.87,44,,,,,,,20.12,39.51,452,PAUSED
14:47:10,23.72,45.61,520,83,0.78,11,25.7,56.46,430,212,2.14,43,23.09,30.66,541,ERROR
14:48:10,27.34,46.1,420,492,2.92,9,24.45,58.93,387,200,3.49,23,26.97,44.74,443,PAUSED
14:49:10,19.89,45.54,478,331,0.76,42,18.02,39.37,466,417,2.46,18,,,,ERROR
14:50:10,24.36,32.79,450,90,2.7,31,27.91,35.53,447,6,3.91,34,26.76,59.45,572,PRINTING
14:51:10,20.69,39.17,415,339,3.6,8,24.2,55.92,515,112,1.53,27,20.06,37.91,600,ERROR
14:52:10,24.68,58.9,496,491,3.57,48,22.6,49.1,386,499,0.9,22,26.18,39.66,431,IDLE
14:53:10,,,,,,,19.62,56.5,454,387,1.19,28,24.71,41.93,471,PRINTING
14:54:10,26.89,44.11,380,477,1.48,26,20.75,33.65,406,298,2.54,49,,,,PRINTING
14:55:10,18.32,32.38,434,404,4.08,16,18.06,30.37,458,335,2.26,5,25.11,30.67,543,PAUSED
14:56:10,23.25,57.89,577,2,3.0,25,20.97,42.22,514,399,3.78,19,19.68,50.47,499,PRINTING
14:57:10,19.52,47.96,513,172,1.23,27,25.91,54.05,533,330,4.24,22,25.1,48.08,446,PRINTING
14:58:10,27.81,58.85,559,19,0.21,27,19.95,53.48,543,423,0.24,49,21.95,55.79,452,PRINTING
14:59:10,19.06,59.82,402,260,3.74,22,18.11,59.65,494,307,1.57,31,19.26,43.01,564,PRINTING
15:00:10,25.7,43.3,465,73,3.84,28,22.14,36.92,557,149,1.37,16,18.48,32.04,569,IDLE
15:01:10,19.68,50.33,551,140,1.89,50,,,,,,,25.66,49.97,385,ERROR
15:02:10,20.88,59.74,476,444,4.41,49,27.24,59.09,541,485,2.12,24,22.93,47.55,399,PRINTING
15:03:10,21.67,46.17,515,365,2.18,35,26.22,58.97,579,271,4.15,36,27.14,31.26,439,PAUSED
15:04:10,25.23,52.85,538,71,1.99,32,21.42,55.53,537,420,2.5,5,19.28,45.5,543,IDLE
15:05:10,22.06,49.1,537,153,0.06,48,23.57,41.21,554,21,0.64,40,24.39,50.73,458,PRINTING
15:06:10,27.24,30.2,452,303,1.08,12,27.98,31.19,549,80,1.14,45,21.8,42.86,391,PRINTING
15:07:10,27.64,47.86,519,498,1.94,43,27.17,31.32,443,273,3.44,21,25.31,52.1,425,PRINTING
15:08:10,20.98,48.44,520,251,4.66,19,,,,,,,27.11,38.94,414,PAUSED
15:09:10,26.94,52.3,573,411,3.7,30,27.6,50.58,411,437,3.55,1,27.26,59.69,443,PRINTING
15:10:10,25.04,37.5,577,181,4.83,9,21.23,34.75,499,169,1.21,49,20.65,45.27,492,PAUSED
15:11:10,20.24,54.99,441,194,4.46,41,19.47,40.64,562,95,3.37,12,19.32,45.25,540,ERROR
15:12:10,23.23,52.77,384,30,2.34,1,,,,,,,22.14,40.23,488,PRINTING
15:13:10,20.11,42.24,513,178,4.13,26,21.82,33.12,414,34,0.41,39,25.22,37.31,420,IDLE
15:14:10,23.3,39.03,412,252,3.42,3,18.53,59.99,578,10,3.05,15,24.79,38.86,557,IDLE
15:15:10,25.94,49.28,454,305,0.67,8,27.19,52.09,384,25,2.89,2,25.3,51.0,495,PRINTING
15:16:10,26.11,33.78,524,403,4.57,8,19.04,32.89,431,203,1.97,14,24.35,32.29,490,ERROR
15:17:10,21.66,42.72,550,430,3.62,43,24.53,37.05,479,285,4.6,11,26.35,47.46,430,PRINTING
15:18:10,22.63,39.52,582,180,1.59,8,22.98,44.67,389,481,2.12,0,19.16,34.37,596,PAUSED
15:19:10,22.49,58.51,478,98,0.67,23,18.31,47.11,592,332,4.84,41,20.24,55.78,463,PRINTING
15:20:10,19.61,50.65,479,162,0.13,46,25.1,54.04,552,433,0.09,20,27.88,48.42,421,PRINTING
15:21:10,27.18,42.16,598,363,4.16,8,26.49,32.35,596,143,4.12,39,22.4,32.51,383,PRINTING
15:22:10,26.13,48.16,529,193,1.83,3,23.13,40.28,577,95,2.89,25,21.05,34.2,439,PAUSED
15:23:10,24.97,54.3,533,233,3.69,25,,,,,,,18.74,35.71,571,PRINTING
15:24:10,18.8,34.12,579,59,1.07,33,23.24,57.56,535,488,0.62,43,27.32,47.43,405,ERROR
15:25:10,26.81,40.66,560,350,3.96,10,22.03,46.53,524,192,1.56,40,27.63,36.97,392,PRINTING
15:26:10,18.35,31.19,479,66,2.25,34,25.74,55.18,480,265,3.18,30,19.3,54.78,580,ERROR
15:27:10,27.78,47.82,562,286,4.66,49,23.75,30.27,472,238,1.59,32,24.23,55.91,536,PAUSED
15:28:10,24.3,50.16,443,413,3.1,28,23.19,32.26,538,160,0.21,2,18.99,54.82,598,IDLE
15:29:10,25.65,46.21,431,395,4.19,13,23.58,51.93,399,485,0.82,37,26.46,46.71,538,PAUSED
15:30:10,24.64,52.67,436,339,4.25,23,27.27,54.84,465,17,1.03,44,26.36,44.4,509,PAUSED
15:31:11,26.2,32.26,500,257,4.72,30,24.59,52.57,590,57,3.25,30,21.31,55.69,448,IDLE
15:32:11,22.55,50.81,493,236,1.48,46,20.16,43.1,514,267,1.75,27,20.16,46.97,384,PAUSED
15:33:11,26.87,58.11,413,192,3.11,33,,,,,,,24.27,43.22,440,PAUSED
15:34:11,26.01,54.34,408,297,2.85,23,23.33,45.43,569,446,3.39,2,21.88,35.45,381,IDLE
15:35:11,24.11,43.27,585,128,0.79,1,27.61,35.14,485,12,4.05,31,27.75,41.25,532,ERROR
15:36:11,19.43,40.74,490,113,4.87,29,23.7,36.79,526,9,2.73,37,24.87,33.36,589,IDLE
15:37:11,20.81,46.36,490,446,2.28,45,19.11,37.02,402,281,1.39,34,22.88,57.38,437,ERROR
15:38:11,18.69,46.69,472,68,2.41,9,18.58,31.59,468,335,2.64,10,22.78,46.83,525,PRINTING
15:39:11,27.76,58.27,580,399,2.8,27,24.37,49.62,528,103,4.58,0,24.9,30.82,426,ERROR
15:40:11,25.91,42.83,553,19,4.32,15,19.27,57.23,500,173,2.72,48,18.87,52.54,394,PRINTING
15:41:11,24.91,37.94,558,461,4.6,4,19.72,31.51,531,454,2.09,19,25.31,51.08,600,PRINTING
15:42:11,21.78,37.32,422,361,4.74,26,24.88,48.45,419,216,3.36,3,20.48,30.13,551,ERROR
15:43:11,25.33,30.9,390,3,3.29,36,24.37,54.07,446,44,1.07,42,24.21,57.05,531,ERROR
15:44:11,21.04,47.53,381,136,4.43,50,24.79,35.11,573,476,0.49,10,23.89,55.05,550,ERROR
15:45:11,26.18,32.06,421,358,1.81,40,19.2,52.58,405,12,2.54,26,25.11,34.81,504,IDLE
15:46:11,,,,,,,18.58,55.91,392,76,1.23,27,23.74,50.67,505,ERROR
15:47:11,19.29,49.47,425,468,0.66,50,22.98,31.5,414,427,4.32,36,24.94,34.12,491,PAUSED
15:48:11,23.34,46.06,596,318,4.19,7,26.74,38.37,530,429,1.59,47,27.72,55.4,497,PAUSED
15:49:11,22.96,56.97,503,232,4.3,38,25.81,34.75,518,8,1.49,38,26.83,34.24,451,PAUSED
15:50:11,25.84,41.12,446,436,4.41,6,27.62,48.63,529,335,0.71,13,,,,IDLE
15:51:11,22.48,45.79,422,393,3.43,34,,,,,,,23.21,57.08,427,PRINTING
15:52:11,21.55,49.62,382,76,0.11,21,18.84,55.21,409,404,0.32,5,,,,ERROR
15:53:11,23.96,37.39,390,411,2.12,21,24.22,59.12,501,136,4.85,46,24.82,33.72,465,ERROR
15:54:11,21.7,32.29,403,268,1.14,46,20.76,31.51,530,413,1.74,8,25.98,51.28,577,PAUSED
15:55:11,27.61,33.18,582,140,4.62,42,18.22,51.51,589,387,2.67,2,22.95,40.87,502,PAUSED
15:56:11,22.8,34.86,571,196,4.67,50,21.9,46.6,595,154,3.02,25,23.33,52.53,599,IDLE
15:57:11,20.96,45.45,556,209,3.05,12,27.9,34.65,517,27,1.12,26,23.83,46.49,399,PAUSED
15:58:11,23.71,49.89,503,145,0.24,30,20.96,37.25,493,405,4.09,46,23.77,46.81,474,PAUSED
15:59:11,20.71,35.77,540,39,1.88,26,22.88,46.16,585,34,0.94,36,27.77,43.16,554,PRINTING
16:00:11,27.97,42.54,509,79,0.61,22,22.48,52.73,464,383,0.09,6,26.32,30.5,419,IDLE
16:01:11,25.24,42.82,589,23,1.43,15,22.93,57.17,495,105,1.72,7,21.8,59.95,481,IDLE
16:02:11,19.37,35.01,495,473,0.71,21,26.54,44.5,402,128,4.39,10,24.26,33.99,567,PAUSED
16:03:11,24.32,30.34,482,249,2.75,40,21.75,34.86,449,320,0.4,2,20.57,45.75,537,IDLE
16:04:11,24.8,50.56,518,153,4.08,9,21.21,48.71,600,464,1.28,36,20.29,43.96,551,PAUSED
16:05:11,19.16,50.46,449,78,5.0,0,19.75,35.34,563,290,1.97,44,18.64,34.8,412,IDLE
16:06:11,25.32,30.12,438,457,0.01,3,26.57,40.8,544,11,3.74,30,24.91,46.81,498,IDLE
16:07:11,23.28,58.06,388,39,1.07,39,25.19,45.59,472,482,4.82,8,24.43,40.04,406,PRINTING
16:08:11,27.4,40.26,404,453,3.65,13,21.95,56.77,471,167,4.63,41,19.08,56.18,555,ERROR
16:09:11,19.65,31.16,474,184,1.8,33,26.84,40.08,593,179,1.67,15,23.03,57.94,397,PAUSED
16:10:11,25.81,59.97,600,93,1.37,43,20.66,33.4,526,295,3.83,18,24.44,39.97,441,IDLE
16:11:11,25.06,50.6,409,416,2.66,6,26.26,36.56,412,163,4.6,50,27.73,43.02,419,PRINTING
16:12:11,19.33,43.77,405,277,3.83,24,18.16,32.66,548,48,1.0,37,25.07,48.48,417,IDLE
16:13:11,23.67,43.31,417,153,2.94,14,25.01,35.7,508,246,2.37,28,25.76,40.13,416,PRINTING
16:14:11,19.72,35.4,409,394,4.02,9,27.89,50.02,410,28,2.33,50,18.15,33.49,600,ERROR
16:15:11,26.34,53.18,491,477,3.16,47,23.67,48.12,462,42,4.56,30,25.35,41.72,406,PRINTING
16:16:11,22.09,40.22,505,359,0.71,49,23.81,31.15,447,400,0.08,22,23.94,43.72,555,ERROR
16:17:11,23.59,56.95,512,1,0.16,24,20.94,43.52,569,214,4.95,20,26.14,47.35,530,PRINTING
16:18:11,26.91,34.72,549,293,2.53,21,25.78,42.03,549,96,4.47,18,20.26,42.24,430,PRINTING
16:19:11,18.83,56.38,432,314,1.99,46,22.53,54.64,564,59,2.38,25,19.34,31.83,392,ERROR
16:20:11,18.36,57.21,498,295,1.51,11,24.26,50.45,395,21,1.91,11,21.74,54.35,426,ERROR
16:21:11,23.65,43.27,436,101,3.65,33,21.99,40.25,460,60,3.37,39,20.57,43.55,449,ERROR
16:22:11,27.29,37.35,417,31,1.37,35,26.79,46.94,477,142,1.93,20,22.88,30.71,584,PAUSED
16:23:11,19.02,39.49,401,439,0.85,4,24.32,39.42,506,240,0.13,0,21.64,32.64,538,PRINTING
16:24:11,20.78,52.83,600,210,4.69,25,24.38,54.92,444,386,3.08,8,18.8,52.84,393,IDLE
16:25:11,21.58,39.72,579,11,2.79,12,23.37,32.41,405,311,2.32,24,19.75,30.77,381,ERROR
16:26:11,24.36,38.13,556,117,1.22,7,20.98,39.23,440,425,1.3,48,19.85,49.02,461,PRINTING
16:27:11,26.93,50.33,436,113,0.42,42,19.59,57.1,459,388,2.84,10,27.07,44.07,393,PAUSED
16:28:11,20.47,34.07,530,239,3.94,29,21.24,45.41,538,6,1.04,5,26.47,56.27,599,PRINTING
16:29:11,19.92,57.65,401,109,0.84,40,24.35,40.95,558,272,2.93,5,24.6,33.49,561,IDLE
16:30:11,21.03,46.94,438,118,4.06,21,20.3,54.44,406,325,3.15,23,24.62,47.56,538,PRINTING
16:31:11,21.86,55.11,430,443,0.56,20,20.68,30.16,578,19,2.47,7,24.22,43.68,473,PAUSED
16:32:11,,,,,,,18.74,58.4,555,274,1.23,26,19.88,49.57,589,PRINTING
16:33:11,25.58,39.17,460,100,4.7,37,18.61,53.39,581,389,2.25,19,21.57,34.39,462,PAUSED
16:34:11,21.39,59.93,580,159,0.44,9,20.43,41.95,503,118,2.37,25,18.81,53.59,530,ERROR
16:35:11,26.83,38.21,596,256,4.32,18,20.3,33.48,546,180,4.46,25,24.92,39.81,527,ERROR
16:36:11,26.86,47.3,525,223,4.91,7,22.25,45.64,451,20,1.61,40,23.43,46.02,445,IDLE
16:37:11,24.23,38.83,490,256,2.71,14,19.91,35.71,407,240,1.11,33,25.15,51.28,593,PAUSED
16:38:11,24.54,32.72,566,82,4.09,22,24.16,53.18,538,65,1.04,34,24.37,30.56,434,IDLE
16:39:11,21.36,43.69,466,265,3.24,28,27.26,44.06,396,211,1.43,24,,,,ERROR
16:40:11,22.37,35.29,495,268,4.84,1,22.84,41.21,462,93,3.55,2,23.04,39.91,563,PAUSED
16:41:11,23.33,42.61,388,206,2.02,44,20.75,50.3,484,9,4.12,23,25.08,59.51,486,PAUSED
16:42:11,27.46,57.78,539,91,3.79,24,24.12,36.48,509,68,0.4,49,21.87,54.14,526,PAUSED
16:43:11,,,,,,,27.99,54.98,586,326,3.05,48,22.56,32.62,582,ERROR
16:44:11,23.13,51.1,558,257,4.71,7,21.27,39.21,414,36,4.45,42,,,,PRINTING
16:45:11,27.69,46.3,562,425,3.15,25,27.07,46.87,382,218,1.7,16,19.5,47.71,558,PAUSED
16:46:11,24.43,58.25,394,387,1.86,21,22.8,35.3,530,251,2.75,16,20.62,49.43,503,IDLE
16:47:11,19.72,53.34,494,424,4.56,42,19.46,54.95,527,377,2.84,47,20.26,47.71,468,PAUSED
16:48:11,27.3,38.32,512,129,3.43,15,25.87,52.54,495,390,2.22,44,23.48,55.61,463,PRINTING
16:49:11,26.95,30.07,419,121,1.4,39,25.76,51.29,548,159,4.4,3,,,,PRINTING
16:50:11,27.66,49.04,544,453,3.41,23,24.03,51.27,559,32,4.03,42,24.21,57.41,567,PRINTING
16:51:11,26.3,44.06,521,325,1.24,37,21.42,54.66,464,225,1.45,28,23.67,36.5,490,IDLE
16:52:11,20.25,59.37,426,434,2.25,46,25.04,44.99,514,368,3.21,19,26.9,50.36,437,ERROR
16:53:11,25.99,33.83,572,114,2.78,46,27.53,56.96,600,121,2.34,40,27.07,39.03,409,ERROR
16:54:11,26.08,44.71,448,51,3.98,37,19.6,48.65,428,274,1.62,49,23.75,46.36,495,ERROR
16:55:11,26.42,32.26,569,187,1.08,38,27.39,46.85,546,399,3.5,9,25.5,56.2,392,IDLE
16:56:11,19.21,44.39,389,239,2.99,18,20.65,49.74,409,404,2.83,24,22.81,46.42,535,ERROR
16:57:11,20.79,38.36,549,340,0.46,9,19.12,54.3,514,353,1.36,2,24.38,30.99,389,PAUSED
16:58:11,22.93,50.7,480,459,3.52,23,22.0,48.61,394,321,4.14,37,25.1,57.8,553,PRINTING
16:59:11,18.77,40.7,539,60,2.28,43,18.46,59.16,466,468,0.8,1,,,,ERROR
17:00:11,25.2,38.67,594,461,2.62,3,19.59,55.59,406,164,3.35,1,20.28,37.17,547,IDLE
17:01:11,19.16,35.56,519,346,2.21,32,24.85,41.53,544,340,1.79,48,25.71,51.51,566,PAUSED
17:02:11,22.33,40.52,487,468,1.17,26,23.25,37.89,496,26,1.29,41,25.3,55.65,390,PRINTING
17:03:11,24.56,57.65,517,394,2.66,30,19.61,35.46,555,499,0.73,41,25.55,51.7,491,PRINTING
17:04:11,20.84,48.02,576,150,4.58,29,,,,,,,24.87,57.35,518,ERROR
17:05:11,19.49,41.04,413,132,2.89,12,22.92,37.75,582,103,4.72,4,27.22,50.69,524,ERROR
17:06:11,18.92,39.26,474,300,1.75,0,,,,,,,25.52,32.67,428,PRINTING
17:07:11,18.9,57.59,562,439,1.66,17,26.02,39.35,382,284,0.45,2,20.25,49.05,402,PRINTING
17:08:11,,,,,,,24.2,32.07,448,173,3.91,1,21.34,46.09,412,PRINTING
17:09:11,22.05,33.19,540,449,2.59,1,,,,,,,24.62,42.95,445,PAUSED
17:10:11,21.95,52.38,446,137,4.67,43,23.12,40.95,548,266,1.4,36,21.27,58.39,564,PRINTING
17:11:11,23.45,48.25,521,273,1.73,36,25.34,51.53,402,452,0.37,27,20.74,33.76,461,IDLE
17:12:11,24.71,40.39,550,126,0.87,23,22.23,30.94,419,400,2.4,29,21.83,55.95,391,PAUSED
17:13:11,19.91,46.43,557,109,2.82,18,26.93,38.05,490,220,3.08,48,,,,ERROR
17:14:11,,,,,,,22.24,44.75,509,328,0.98,34,18.87,57.36,592,IDLE
17:15:11,23.35,51.53,392,329,2.85,38,22.46,32.46,544,473,2.96,21,24.39,53.68,448,PRINTING
17:16:11,21.61,44.87,462,276,0.96,1,21.52,32.48,600,207,4.43,45,25.42,45.77,386,PAUSED
17:17:11,21.92,51.21,412,139,1.3,49,25.57,34.44,522,300,4.22,25,26.19,34.2,427,ERROR
17:18:11,24.82,31.61,500,210,0.47,46,20.58,37.13,492,7,0.89,34,20.71,50.85,529,IDLE
17:19:11,19.08,48.8,420,20,4.11,45,26.76,35.6,448,212,2.06,17,18.57,41.12,523,PAUSED
17:20:11,27.76,44.84,490,484,1.91,45,25.42,53.61,550,163,1.64,45,19.06,55.24,385,PRINTING
17:21:11,20.05,52.88,530,4,1.29,6,22.9,39.63,552,498,2.76,14,19.53,45.71,580,ERROR
17:22:11,22.44,34.13,590,242,0.56,47,24.46,50.4,581,474,3.25,36,22.12,59.64,513,ERROR
17:23:11,25.85,58.54,570,412,1.43,48,25.21,36.64,584,134,0.2,48,24.65,38.97,408,PRINTING
17:24:11,27.73,58.95,446,101,2.13,27,20.73,39.33,562,438,2.21,36,19.52,43.33,575,PAUSED
17:25:11,27.45,32.51,407,110,1.64,10,19.66,45.89,470,204,0.73,26,19.18,40.23,420,IDLE
17:26:11,21.97,59.56,532,77,3.18,25,26.26,59.78,459,48,2.48,34,,,,PRINTING
17:27:11,26.76,36.19,407,18,2.18,6,27.32,48.31,585,92,3.44,4,22.34,48.56,590,ERROR
17:28:11,18.07,50.45,412,57,4.83,36,27.37,52.5,416,177,2.82,4,21.31,47.43,546,IDLE
17:29:11,23.46,43.73,543,96,2.93,39,19.49,50.71,425,127,3.47,29,25.1,30.65,498,IDLE
17:30:11,21.73,53.06,512,119,2.33,45,27.7,57.43,436,167,2.17,38,24.1,49.98,392,IDLE
17:31:11,27.16,50.08,522,308,2.97,9,21.62,36.41,483,258,1.07,8,19.69,59.74,496,PAUSED
17:32:11,22.07,52.51,513,127,1.47,14,20.75,37.78,451,36,1.75,45,22.27,57.67,423,ERROR
17:33:11,24.63,43.67,455,178,4.61,3,19.06,42.69,437,16,1.06,23,18.65,52.79,413,ERROR
17:34:11,25.2,54.21,523,413,4.47,40,24.83,50.65,508,418,3.91,38,18.2,41.6,445,PAUSED
17:35:11,25.21,33.53,413,367,0.44,49,19.54,45.0,535,129,0.94,32,25.62,56.99,591,PRINTING
17:36:11,,,,,,,21.73,39.82,382,86,0.94,30,20.45,40.71,597,IDLE
17:37:11,24.48,55.04,543,168,2.06,12,22.85,38.57,529,223,2.57,5,18.79,59.98,518,PRINTING
17:38:11,25.69,59.89,524,153,2.93,47,,,,,,,26.17,44.8,403,IDLE
17:39:11,20.74,48.61,385,327,3.06,37,24.32,58.27,520,206,3.75,17,22.07,32.33,554,IDLE
17:40:11,18.9,38.22,438,417,2.14,32,18.12,48.9,426,462,4.52,29,24.12,43.62,493,PRINTING
17:41:11,20.93,42.71,523,136,3.89,0,,,,,,,25.63,33.15,528,PAUSED
17:42:11,19.89,38.54,507,311,2.55,32,26.39,48.61,557,314,1.58,1,23.92,35.78,472,PRINTING
17:43:11,19.27,38.53,578,374,1.98,44,18.48,45.77,400,202,3.92,25,19.32,48.35,528,PAUSED
17:44:11,24.66,48.64,482,304,1.62,5,27.75,55.03,535,393,2.21,3,26.62,39.71,554,PRINTING
17:45:11,25.84,46.56,513,214,0.99,10,27.53,45.13,395,183,2.37,47,26.1,40.37,409,PAUSED
17:46:11,27.7,50.03,458,170,2.51,22,20.97,50.69,582,57,4.34,46,27.91,41.2,419,IDLE
17:47:11,24.48,30.78,479,184,3.13,7,23.06,40.42,513,434,2.12,50,18.28,34.37,598,PRINTING
17:48:11,23.2,43.84,487,103,3.44,34,19.94,42.13,544,484,4.47,1,24.49,52.11,486,PRINTING
17:49:11,27.62,44.49,586,38,2.37,10,24.21,37.27,468,49,4.62,13,27.29,47.05,396,PRINTING
17:50:11,25.7,48.91,493,307,4.49,0,23.09,31.46,430,232,3.6,38,20.44,52.3,387,IDLE
17:51:12,27.03,56.26,592,107,2.92,3,24.87,56.41,590,374,4.53,24,20.45,37.59,527,ERROR
17:52:12,27.47,54.4,545,484,2.4,35,19.88,37.4,480,1,4.8,28,20.52,41.23,441,IDLE
17:53:12,18.35,50.76,431,93,4.96,13,,,,,,,24.18,35.78,455,ERROR
17:54:12,22.61,58.09,520,188,4.69,28,23.56,48.49,397,53,4.23,24,27.09,57.67,515,PAUSED
17:55:12,22.61,42.67,396,243,4.32,14,18.38,51.72,449,159,4.27,21,22.62,30.59,584,PRINTING
17:56:12,25.39,44.53,531,423,4.93,42,18.92,43.58,393,7,4.36,32,24.0,38.87,507,PAUSED
17:57:12,19.39,57.02,553,360,2.35,36,26.98,49.84,513,298,1.76,23,27.31,57.93,490,ERROR
17:58:12,23.32,31.46,547,225,3.88,8,,,,,,,21.58,47.74,473,PRINTING
17:59:12,25.39,30.98,518,22,2.07,0,18.83,48.43,472,242,3.73,16,,,,IDLE
18:00:12,,,,,,,26.81,48.31,483,421,2.21,36,25.39,59.51,571,PAUSED
18:01:12,24.32,46.03,507,133,4.58,9,23.36,30.93,483,473,2.35,6,26.77,57.38,496,IDLE
18:02:12,22.92,58.29,437,436,0.47,33,27.94,40.22,592,220,2.01,48,19.59,51.04,522,IDLE
18:03:12,20.66,53.2,520,180,4.35,40,25.71,58.91,450,18,2.08,5,19.96,59.45,506,ERROR
18:04:12,20.05,34.58,384,413,2.55,28,21.64,41.92,403,412,4.65,35,26.27,56.4,437,ERROR
18:05:12,24.49,55.02,572,37,1.93,19,24.28,43.29,548,123,1.86,17,27.15,36.6,394,IDLE
18:06:12,27.56,31.11,467,16,2.75,22,26.92,37.61,514,199,0.81,14,22.11,31.61,435,PAUSED
18:07:12,24.33,43.4,414,390,4.05,40,20.05,46.44,537,239,3.03,5,24.88,49.46,469,ERROR
18:08:12,20.5,49.18,472,151,0.31,43,,,,,,,21.13,40.75,413,PAUSED
18:09:12,27.24,42.3,390,68,0.22,36,24.61,35.49,485,241,2.89,4,20.96,48.79,488,ERROR
18:10:12,24.88,53.42,545,45,4.17,33,25.44,43.01,386,176,0.65,35,26.34,31.59,577,ERROR
18:11:12,25.08,34.48,568,112,4.8,5,18.15,31.62,598,204,3.57,30,20.78,59.78,502,PAUSED
18:12:12,25.39,54.1,483,205,4.24,42,18.14,51.55,479,438,1.2,29,27.06,48.1,435,IDLE
18:13:12,24.85,39.5,575,17,4.03,25,22.47,49.47,425,463,3.78,27,27.17,34.07,577,PRINTING
18:14:12,27.53,35.32,439,83,4.4,2,27.46,35.57,381,397,1.57,35,20.91,51.27,448,IDLE
18:15:12,20.14,54.91,521,379,1.8,45,22.15,34.08,552,466,4.35,50,20.28,32.94,588,PAUSED
18:16:12,23.57,51.04,551,92,2.88,33,18.17,51.59,509,420,0.38,4,,,,PRINTING
18:17:12,22.94,43.9,500,411,3.41,14,22.77,52.37,418,493,0.89,42,24.86,35.86,438,ERROR
18:18:12,24.94,31.05,434,296,3.84,44,18.9,53.92,450,4,3.97,24,26.14,50.46,593,IDLE
18:19:12,23.41,43.98,460,67,1.32,15,24.59,43.62,571,393,1.47,41,26.83,55.12,484,ERROR
18:20:12,19.18,43.69,421,254,0.08,18,25.28,46.2,389,313,3.16,8,25.35,32.51,396,PRINTING
18:21:12,20.1,51.12,544,352,2.75,26,25.11,30.64,509,182,1.47,5,24.71,45.13,596,PAUSED
18:22:12,23.43,32.05,424,165,2.87,38,22.01,59.98,531,416,1.45,23,24.79,48.49,391,IDLE
18:23:12,19.22,39.69,501,201,1.97,5,19.0,44.53,599,93,0.1,1,23.53,57.0,485,PAUSED
18:24:12,27.33,59.35,488,99,1.13,21,26.8,36.31,405,456,2.21,24,25.81,56.28,442,PRINTING
18:25:12,19.21,38.56,536,400,1.31,34,21.88,50.7,544,288,4.66,28,23.59,56.59,480,ERROR
18:26:12,24.98,34.12,495,208,4.74,5,27.52,34.1,449,230,4.0,19,19.8,58.03,436,PAUSED
18:27:12,21.1,30.27,484,150,1.4,9,,,,,,,,,,ERROR
18:28:12,,,,,,,24.97,49.88,489,153,1.12,17,27.54,41.01,491,ERROR
18:29:12,20.29,47.81,503,1,2.2,49,24.19,32.36,445,136,3.28,12,21.62,54.69,417,PAUSED
18:30:12,18.48,32.0,428,372,4.53,49,27.11,46.39,515,317,2.24,34,18.41,38.33,542,PAUSED
18:31:12,20.78,48.52,491,383,2.03,44,21.93,33.29,548,59,2.79,20,27.49,33.07,559,IDLE
18:32:12,26.58,43.29,387,294,3.18,31,22.45,43.86,490,346,4.2,42,26.96,58.04,402,PRINTING
18:33:12,23.88,31.8,399,4,0.27,7,23.04,48.55,434,9,0.57,12,21.88,31.14,544,ERROR
18:34:12,27.43,42.42,436,71,1.18,41,25.55,58.38,522,326,3.96,13,18.05,32.46,441,IDLE
18:35:12,26.59,41.2,555,352,0.11,28,23.37,50.76,412,475,3.18,30,23.51,55.21,565,ERROR
18:36:12,26.01,37.76,389,95,2.93,6,25.55,33.22,441,329,3.47,45,25.24,43.45,386,ERROR
18:37:12,27.99,48.22,576,357,0.15,16,21.1,43.17,581,69,2.59,8,18.86,46.68,486,IDLE
18:38:12,20.37,38.94,569,174,3.65,49,18.89,55.64,532,2,2.52,13,21.71,40.0,563,ERROR
18:39:12,25.98,42.8,463,489,2.42,27,21.34,35.77,413,168,3.29,22,26.27,52.3,422,PRINTING
18:40:12,23.11,36.49,554,239,4.07,25,20.83,39.48,567,360,3.05,40,25.55,39.5,561,IDLE
18:41:12,20.55,38.3,559,209,4.73,18,23.18,47.63,492,158,4.7,37,23.58,32.33,411,PAUSED
18:42:12,22.6,33.33,567,268,4.08,25,22.14,43.27,521,99,1.28,26,27.42,37.71,433,IDLE
18:43:12,24.64,56.22,388,63,4.72,43,22.19,38.2,403,3,1.03,11,19.41,50.91,513,ERROR
18:44:12,23.58,51.83,474,314,4.64,36,21.73,45.46,392,154,1.84,45,25.83,50.17,585,IDLE
18:45:12,26.3,34.55,528,361,4.29,43,23.55,33.25,494,28,3.11,20,27.21,48.91,541,PAUSED
18:46:12,27.44,32.53,552,244,0.85,9,22.27,57.53,525,114,4.61,10,26.61,53.8,578,PRINTING
18:47:12,18.32,36.46,540,352,0.77,22,,,,,,,26.67,53.38,515,PRINTING
18:48:12,18.58,48.1,534,313,1.71,40,22.39,59.47,586,223,2.99,15,26.08,45.66,535,IDLE
18:49:12,,,,,,,23.48,52.32,594,193,3.03,27,19.96,37.67,496,PAUSED
18:50:12,23.01,41.51,587,105,2.23,12,21.06,49.73,566,413,2.2,0,24.21,52.0,398,IDLE
18:51:12,27.07,43.05,431,403,4.09,21,24.3,37.83,531,233,1.67,45,23.66,40.87,431,PAUSED
18:52:12,22.62,53.67,537,456,4.79,30,23.49,42.13,485,437,4.68,1,24.03,55.31,511,PAUSED
18:53:12,24.26,41.38,570,51,1.2,31,25.01,44.04,558,332,4.62,35,27.22,31.25,527,IDLE
18:54:12,23.44,38.22,507,49,3.66,50,24.88,50.92,451,415,4.96,23,20.83,46.2,388,ERROR
18:55:12,19.85,59.26,481,378,0.85,20,21.64,30.51,589,199,2.76,45,23.34,45.38,408,PAUSED
18:56:12,,,,,,,22.48,52.55,562,188,1.23,26,26.62,47.67,584,IDLE
18:57:12,25.32,57.09,578,232,3.23,16,26.37,52.14,394,64,4.06,29,19.66,50.81,421,PAUSED
18:58:12,22.59,33.43,511,482,1.34,28,22.19,40.74,397,236,4.57,33,,,,IDLE
18:59:12,27.46,40.61,596,68,3.07,47,20.15,32.11,496,54,0.35,22,27.58,48.87,572,IDLE
19:00:12,19.22,32.08,528,13,4.66,7,24.44,30.32,520,449,1.13,17,23.61,45.38,467,PRINTING
19:01:12,20.88,30.29,597,8,0.32,6,19.6,57.81,432,400,4.52,6,,,,IDLE
19:02:12,19.24,40.21,430,303,4.82,32,24.91,35.95,583,17,0.88,13,23.75,58.59,481,IDLE
19:03:12,20.33,38.24,403,204,3.15,18,26.28,50.67,448,196,1.49,42,27.1,48.95,590,PAUSED
19:04:12,25.53,39.43,588,416,0.22,1,21.13,53.29,466,168,1.21,14,27.89,39.28,483,PAUSED
19:05:12,25.47,50.31,528,394,3.47,32,26.47,50.57,544,126,2.22,47,19.79,50.28,555,PAUSED
19:06:12,23.76,59.66,421,144,2.36,44,18.74,57.57,404,209,3.91,32,,,,PAUSED
19:07:12,21.96,43.25,381,434,0.21,11,25.77,47.2,594,451,0.51,21,23.5,36.3,494,IDLE
19:08:12,22.55,42.58,454,416,3.09,40,23.94,57.86,492,492,2.01,44,25.64,49.71,494,IDLE
19:09:12,27.47,30.54,384,175,0.4,6,24.27,39.58,463,349,1.71,40,23.14,57.01,403,IDLE
19:10:12,25.68,57.05,533,209,1.16,48,,,,,,,23.38,57.8,415,IDLE
19:11:12,18.95,46.85,494,283,2.96,31,25.59,30.17,434,17,4.8,15,19.21,55.01,497,IDLE
19:12:12,21.65,48.85,444,20,1.48,4,22.91,49.92,530,96,1.24,1,22.55,51.78,469,IDLE
19:13:12,23.3,45.49,485,108,4.29,37,27.92,31.1,451,486,1.08,50,23.6,57.19,383,PAUSED
19:14:12,,,,,,,24.61,51.29,414,245,2.11,21,20.99,57.73,600,IDLE
19:15:12,24.64,55.35,388,92,4.66,8,18.22,48.2,572,151,1.29,40,19.02,50.61,455,IDLE
19:16:12,18.42,35.32,422,286,2.67,9,24.54,58.44,579,383,1.43,2,18.05,41.91,595,IDLE
19:17:12,21.13,34.89,583,379,0.99,13,24.6,57.07,599,280,0.42,3,27.22,33.12,591,IDLE
19:18:12,22.2,49.17,407,85,0.44,6,22.58,44.51,506,383,1.62,0,19.77,38.14,561,PRINTING
19:19:12,23.6,33.7,472,64,1.86,33,25.21,56.24,590,223,4.81,49,,,,IDLE
19:20:12,19.82,37.79,581,383,4.94,14,19.14,54.84,387,124,0.66,13,20.92,30.92,492,IDLE
19:21:12,20.45,32.22,448,218,1.31,6,24.26,49.95,422,437,3.82,1,18.83,39.18,426,IDLE
19:22:12,21.53,53.0,393,199,3.83,45,24.11,48.1,588,472,2.01,42,24.66,54.01,470,IDLE
19:23:12,24.16,38.0,427,291,1.69,33,23.53,46.07,595,93,3.92,16,23.24,48.32,400,PAUSED
19:24:12,26.41,30.17,426,201,4.5,32,20.16,34.68,437,356,4.99,21,,,,PAUSED
19:25:12,,,,,,,20.33,30.71,504,499,1.34,24,27.49,47.37,591,ERROR
19:26:12,19.11,34.46,490,220,0.65,22,20.49,57.74,543,53,0.1,35,27.78,47.29,444,IDLE
19:27:12,26.02,31.41,403,460,1.39,45,20.15,40.95,529,304,2.13,18,20.29,48.81,567,ERROR
19:28:12,25.81,51.29,504,5,1.14,47,19.71,33.1,545,208,4.95,13,24.57,49.02,503,PRINTING
19:29:12,22.43,30.51,426,489,2.96,18,20.66,37.32,565,367,3.56,37,19.19,55.26,442,ERROR
19:30:12,27.93,52.76,564,317,1.97,39,20.95,30.33,459,208,4.26,50,27.38,48.91,516,ERROR
19:31:12,26.94,43.22,572,281,1.46,20,19.23,47.18,528,315,4.88,49,23.71,46.42,563,IDLE
19:32:12,25.54,37.56,488,106,3.81,42,19.39,45.85,406,145,4.81,0,18.67,52.18,434,ERROR
19:33:12,26.44,31.8,429,244,2.06,28,25.76,54.41,564,446,4.5,23,,,,IDLE
19:34:12,20.78,39.61,583,245,4.51,47,22.19,35.86,565,93,0.66,21,19.54,37.54,454,PAUSED
19:35:12,,,,,,,26.06,40.45,554,221,3.4,10,18.96,43.73,564,PRINTING
19:36:12,26.91,32.65,388,278,1.89,0,19.67,53.36,416,140,1.69,25,,,,ERROR
19:37:12,19.36,56.39,498,385,2.93,48,23.33,56.27,523,287,1.91,36,23.0,30.76,524,IDLE
19:38:12,18.32,40.52,584,194,4.92,48,19.46,30.8,543,464,4.74,30,27.74,44.19,411,IDLE
19:39:12,24.38,32.3,492,387,4.81,34,18.53,46.8,565,244,4.07,7,18.38,30.03,475,ERROR
19:40:12,25.8,40.44,546,436,0.91,41,27.56,49.58,521,141,3.25,8,20.89,51.64,453,PAUSED
19:41:12,27.64,56.95,559,241,0.53,47,20.54,51.21,490,167,0.65,32,,,,ERROR
19:42:12,19.23,44.49,414,315,1.48,6,24.28,59.13,575,396,3.2,24,24.08,36.13,448,PRINTING
19:43:12,21.55,30.32,431,7,1.6,6,25.66,47.36,548,183,2.37,36,18.99,55.61,586,PAUSED
19:44:12,20.86,49.65,462,24,2.1,9,18.69,40.76,474,465,2.9,31,21.02,51.21,549,ERROR
19:45:12,22.46,55.52,472,162,2.44,44,23.47,59.18,473,386,4.6,21,20.43,50.6,402,PAUSED
19:46:12,21.12,38.57,397,406,3.35,21,25.85,36.72,445,481,0.07,38,,,,IDLE
19:47:12,20.32,58.15,429,471,1.52,30,,,,,,,22.91,43.46,486,PAUSED
19:48:12,21.59,50.67,458,121,0.67,5,26.84,50.87,600,467,4.97,25,18.54,47.12,392,PRINTING
19:49:12,18.72,46.84,506,181,3.13,22,27.58,51.91,505,291,1.42,48,24.13,49.1,530,PRINTING
19:50:12,24.49,51.72,510,45,4.56,17,23.41,57.63,489,26,0.4,27,26.39,44.44,541,PAUSED
19:51:12,27.3,41.61,394,490,2.46,23,19.09,38.13,504,161,4.55,1,19.92,46.98,498,PRINTING
19:52:12,27.84,45.3,548,192,4.25,40,22.79,45.65,532,277,4.23,4,19.38,55.79,511,ERROR
19:53:12,23.47,53.88,416,13,0.49,12,19.99,46.19,579,23,4.06,36,23.98,52.34,546,PRINTING
19:54:12,21.11,32.48,418,433,2.9,34,23.02,41.84,564,486,4.07,49,,,,PRINTING
19:55:12,24.49,55.63,455,60,2.96,4,21.32,41.11,522,39,1.44,38,,,,PRINTING
19:56:12,26.34,32.29,508,217,4.3,29,20.81,54.5,381,431,4.77,26,25.76,40.13,409,IDLE
19:57:12,19.43,58.8,539,70,3.16,49,23.12,52.88,499,54,4.21,13,21.58,42.49,432,IDLE
19:58:12,24.9,40.24,593,438,3.36,41,20.61,38.91,399,206,3.39,15,25.29,39.98,501,ERROR
19:59:12,19.52,31.06,481,63,4.27,42,19.38,40.14,465,288,4.19,5,18.74,54.04,556,PRINTING
20:00:12,20.1,56.06,530,89,0.48,47,,,,,,,18.11,37.87,450,IDLE
20:01:12,20.84,47.07,513,228,2.25,12,23.07,45.01,494,94,4.36,34,20.46,37.93,588,IDLE
20:02:12,,,,,,,19.92,40.67,553,92,4.25,45,20.96,43.35,437,ERROR
20:03:12,19.28,48.31,442,67,4.0,7,21.45,41.77,439,391,1.77,0,20.21,51.29,535,PAUSED
20:04:12,23.35,42.29,440,449,4.92,20,23.41,52.6,466,67,4.5,1,18.09,54.28,461,IDLE
20:05:12,25.38,55.81,577,22,3.56,22,27.87,34.83,580,174,2.71,21,19.41,35.71,433,PRINTING
20:06:12,23.91,54.29,427,146,1.57,3,27.37,38.4,439,120,3.9,33,,,,PRINTING
20:07:12,21.97,30.09,467,206,4.73,38,26.22,45.83,503,196,1.56,41,27.92,54.56,501,IDLE
20:08:12,21.38,41.23,583,420,4.59,3,19.89,41.7,548,16,0.47,19,23.33,34.94,481,PAUSED
20:09:12,22.14,36.62,444,311,4.17,49,18.51,46.71,520,288,4.71,0,22.3,41.78,410,PAUSED
20:10:12,27.58,43.88,524,47,4.29,42,27.52,55.63,555,48,1.45,28,27.25,34.2,488,IDLE
20:11:12,24.28,55.07,383,316,4.05,31,22.05,40.13,546,349,4.68,21,23.38,39.08,587,IDLE
20:12:12,27.66,47.07,431,158,1.58,35,26.1,36.6,491,214,1.33,15,22.12,38.24,541,ERROR
20:13:12,18.4,38.4,552,407,4.96,18,26.89,37.38,406,86,0.7,7,20.05,55.08,429,IDLE
20:14:12,22.47,44.35,555,123,2.94,15,24.63,30.69,400,79,0.97,12,23.88,54.17,510,IDLE
20:15:12,27.98,33.52,513,29,4.71,16,23.71,46.57,533,356,1.82,26,24.88,34.0,580,PAUSED
20:16:12,18.3,30.5,593,320,2.42,27,19.53,56.7,440,212,1.22,37,18.74,52.18,434,PAUSED
20:17:12,,,,,,,25.49,37.74,585,210,2.47,48,18.95,37.3,505,IDLE
20:18:12,21.81,43.38,421,73,4.93,20,22.55,48.4,485,294,2.64,20,26.74,46.15,518,IDLE
20:19:12,25.28,58.43,443,55,4.36,4,,,,,,,19.21,32.62,492,ERROR
20:20:12,27.68,57.38,392,435,4.75,6,26.98,40.59,418,146,4.85,45,20.51,57.86,409,ERROR
20:21:12,27.58,53.43,542,93,0.31,31,25.69,36.56,484,345,0.47,14,,,,IDLE
20:22:12,24.24,32.34,530,122,2.09,35,21.36,50.21,567,418,0.27,13,23.17,44.58,453,PRINTING
20:23:12,22.25,56.95,470,192,2.33,34,26.99,40.94,435,423,3.94,19,19.14,32.59,572,PAUSED
20:24:12,26.21,34.07,444,67,1.85,19,27.56,38.75,416,480,0.71,12,20.49,55.39,552,ERROR
20:25:12,25.35,59.79,431,407,2.75,4,19.42,58.31,430,272,2.32,7,25.61,45.07,519,PRINTING
20:26:12,27.42,49.06,383,329,2.81,41,26.84,54.31,564,231,0.62,8,24.09,52.27,429,IDLE
20:27:12,23.28,45.51,579,306,1.69,11,18.29,32.33,593,411,4.77,6,18.76,52.86,482,ERROR
20:28:12,19.5,55.22,528,213,1.64,22,21.3,55.14,473,262,4.81,7,,,,PRINTING
20:29:12,24.99,50.09,575,159,2.79,42,18.35,32.52,508,377,3.41,7,18.66,32.45,415,ERROR
20:30:12,22.03,34.74,443,354,2.77,6,20.84,35.76,424,326,0.35,23,26.17,43.24,556,PAUSED
20:31:12,18.99,49.72,493,318,2.68,2,20.64,48.02,393,181,4.6,17,26.89,49.13,546,ERROR
20:32:12,24.31,30.45,537,370,0.36,46,24.26,40.9,439,288,3.51,46,24.83,35.22,478,PRINTING
20:33:12,21.55,37.13,499,103,3.99,22,,,,,,,23.91,54.83,534,PRINTING
20:34:12,18.47,51.34,396,145,4.68,12,22.51,33.27,580,342,1.24,10,19.73,44.02,449,ERROR
20:35:12,27.39,39.81,412,49,2.81,0,24.48,46.33,430,296,4.62,23,20.57,38.38,569,PRINTING
20:36:12,20.33,38.31,475,382,2.14,41,26.71,48.25,393,106,1.69,32,20.8,54.06,512,PRINTING
20:37:12,18.24,32.56,441,29,1.13,39,26.1,32.76,524,288,1.66,42,24.02,48.94,488,PRINTING
20:38:12,27.61,50.42,500,322,0.07,43,22.34,42.83,598,295,2.95,41,24.23,57.81,401,PAUSED
20:39:12,22.19,33.05,503,259,0.88,7,21.99,39.71,467,310,0.5,43,23.98,50.09,543,ERROR
20:40:12,19.75,40.11,455,98,4.95,45,20.9,49.55,513,346,2.2,39,18.91,46.1,442,PAUSED
20:41:12,25.47,36.79,447,402,3.55,50,18.64,37.65,475,434,4.79,46,,,,PAUSED
20:42:12,26.79,58.86,481,178,2.99,47,19.55,41.68,553,117,0.68,42,22.35,43.6,502,IDLE
20:43:12,23.73,34.3,492,444,2.11,3,20.12,32.09,462,394,1.14,47,18.11,53.92,406,PRINTING
20:44:12,20.05,41.34,536,121,0.84,41,27.73,35.83,528,376,2.03,16,19.83,40.31,434,ERROR
20:45:12,27.43,35.3,537,323,0.1,26,26.39,56.94,598,72,1.8,44,27.18,42.83,487,ERROR
20:46:12,24.08,40.78,439,75,0.55,30,26.86,49.44,530,65,3.81,3,22.26,35.5,489,PAUSED
20:47:12,21.08,50.74,598,447,2.64,37,21.98,57.54,571,32,0.14,21,24.98,39.77,436,PRINTING
20:48:12,25.13,54.99,572,233,1.4,26,23.27,37.24,580,83,2.46,15,23.43,45.92,425,ERROR
20:49:12,19.03,48.18,407,410,2.1,4,27.97,30.9,571,462,4.99,43,27.45,35.97,538,PAUSED
20:50:12,24.94,47.8,430,388,2.28,3,19.06,44.71,551,158,2.5,13,21.6,57.1,517,PAUSED
20:51:12,27.53,57.67,530,187,0.79,6,24.95,52.62,589,410,2.77,4,24.99,41.32,408,PRINTING
20:52:12,20.58,56.27,491,236,2.8,16,18.98,33.51,395,111,4.03,40,25.05,40.49,465,IDLE
20:53:12,19.09,54.35,418,487,2.12,7,27.85,49.76,568,111,3.17,13,25.8,32.05,480,ERROR
20:54:12,21.67,56.63,458,340,1.78,24,27.95,47.93,589,269,3.44,21,27.93,30.76,401,PRINTING
20:55:12,27.84,36.62,424,116,3.38,39,18.28,56.07,497,163,4.02,37,21.09,50.54,541,ERROR
20:56:12,19.68,37.16,573,362,3.18,37,18.35,47.59,396,422,3.92,44,24.05,53.37,538,PRINTING
20:57:12,21.32,35.04,399,329,4.75,32,23.36,47.1,521,327,1.85,47,,,,IDLE
20:58:12,19.41,56.26,411,194,1.22,8,19.81,30.7,486,295,3.28,6,23.49,34.37,564,PRINTING
20:59:12,22.38,53.27,585,463,4.38,28,18.67,54.3,550,125,1.44,42,,,,ERROR
21:00:12,23.03,36.36,586,274,3.34,32,26.75,31.39,391,62,4.66,12,20.05,47.94,511,IDLE
21:01:12,26.86,44.81,429,1,4.52,16,18.61,43.88,547,192,0.83,34,24.27,55.07,443,PAUSED
21:02:12,21.96,31.0,475,211,2.17,14,19.23,50.99,490,36,1.74,9,20.59,33.73,471,PAUSED
21:03:12,25.74,32.58,522,244,0.67,47,25.71,47.64,563,44,3.15,9,22.0,40.25,435,ERROR
21:04:12,24.29,50.23,573,365,0.95,7,27.89,45.34,436,303,2.26,30,23.21,49.31,462,PAUSED
21:05:12,21.27,54.17,589,47,2.56,34,24.7,32.37,386,70,1.5,12,24.92,57.48,460,PAUSED
21:06:12,21.86,37.67,453,209,0.61,18,19.23,45.74,475,475,0.97,39,20.31,46.73,394,IDLE
21:07:12,24.23,49.23,386,114,0.58,26,20.07,30.64,515,269,1.94,24,24.07,50.13,403,PRINTING
21:08:12,26.31,42.42,420,480,3.15,34,19.7,57.4,482,93,4.9,19,20.71,30.23,565,PRINTING
21:09:12,,,,,,,23.4,40.96,531,31,4.33,3,21.5,59.26,573,PAUSED
21:10:12,26.03,59.63,426,383,2.03,37,19.82,50.14,537,181,3.16,3,26.7,42.56,567,PAUSED
21:11:12,20.35,41.63,495,473,3.18,19,27.33,41.0,462,320,4.48,25,27.43,49.88,445,PAUSED
21:12:12,27.54,39.71,579,453,0.14,11,26.77,43.75,589,409,1.42,12,25.75,34.91,578,PRINTING
21:13:12,24.67,52.41,528,214,2.35,45,18.67,51.14,439,39,3.16,15,26.59,55.52,551,ERROR
21:14:12,19.91,57.31,388,438,3.33,39,26.48,35.5,560,184,1.39,50,27.09,57.87,443,PRINTING
21:15:12,20.53,38.6,565,350,3.95,25,27.49,51.76,473,208,1.85,6,26.43,59.59,490,IDLE
21:16:12,19.32,53.07,537,450,4.69,31,20.66,33.75,454,38,1.72,14,26.63,42.02,432,IDLE
21:17:12,20.21,56.03,545,432,1.12,16,21.21,44.98,561,457,0.96,2,25.11,35.05,495,PRINTING
21:18:12,27.14,48.56,401,288,3.77,41,24.83,39.18,390,366,4.06,25,23.54,56.88,472,PAUSED
21:19:12,28.0,30.91,524,269,0.23,43,20.45,56.46,492,105,4.03,37,19.64,52.85,593,PAUSED
21:20:12,20.42,43.09,480,329,4.99,50,24.79,55.26,470,69,2.03,48,25.38,53.38,516,ERROR
21:21:12,27.78,32.98,560,296,0.49,14,,,,,,,19.17,53.63,491,IDLE
21:22:12,21.06,43.15,433,283,1.04,34,20.34,48.92,588,93,2.61,37,24.4,51.8,442,ERROR
21:23:12,19.92,59.47,466,404,3.45,46,27.83,35.68,472,128,0.14,50,19.57,46.05,592,PAUSED
21:24:12,26.7,54.33,515,431,3.86,26,25.44,56.4,583,199,0.53,46,25.42,59.01,443,PAUSED
21:25:12,24.31,52.57,496,255,3.65,2,21.15,41.36,520,39,0.17,12,24.57,54.68,564,PAUSED
21:26:12,19.96,55.39,442,189,3.18,2,25.89,58.8,515,99,3.68,38,26.13,50.21,484,PAUSED
21:27:12,20.29,33.1,520,125,3.68,3,19.81,52.52,473,24,3.97,32,25.2,49.49,470,PAUSED
21:28:13,21.25,59.58,396,17,0.72,26,26.66,41.05,568,140,4.32,27,25.92,42.56,457,PRINTING
21:29:13,,,,,,,21.44,42.55,514,360,0.38,27,26.2,39.15,389,IDLE
21:30:13,22.24,43.61,444,168,0.26,26,26.55,34.41,453,485,1.08,29,21.5,41.6,392,PRINTING
21:31:13,26.91,33.13,547,467,0.5,38,22.59,33.56,543,282,4.65,4,23.11,47.45,582,ERROR
21:32:13,26.82,31.58,516,183,2.05,22,21.45,35.42,563,465,2.84,9,21.85,56.82,421,IDLE
21:33:13,24.32,45.94,522,276,2.94,2,21.25,46.11,534,447,2.73,6,27.12,54.68,432,PRINTING
21:34:13,22.89,53.54,595,252,4.9,21,21.95,37.67,565,71,3.27,14,18.81,45.95,567,PRINTING
21:35:13,25.1,52.39,464,57,2.8,2,27.06,36.91,474,243,2.3,5,18.38,35.69,459,ERROR
21:36:13,21.75,59.79,456,236,1.64,14,18.49,33.08,455,251,3.37,4,,,,ERROR
21:37:13,20.61,43.44,575,323,4.47,10,26.41,48.0,400,392,1.21,16,25.92,45.11,386,PRINTING
21:38:13,19.71,34.77,426,305,2.65,27,20.21,46.84,476,403,2.72,43,26.16,33.16,567,IDLE
21:39:13,24.78,43.18,521,11,0.48,7,21.93,30.12,600,17,2.03,21,26.21,46.5,546,IDLE
21:40:13,21.25,43.23,505,232,3.85,26,21.21,43.7,507,193,4.67,42,18.81,40.01,590,ERROR
21:41:13,24.61,52.64,406,347,3.79,6,18.39,30.8,492,221,1.63,7,18.45,35.96,440,PAUSED
21:42:13,26.7,51.86,454,122,1.93,38,18.8,56.53,507,338,5.0,29,26.12,39.26,487,PRINTING
21:43:13,,,,,,,20.41,41.74,542,259,0.6,1,22.17,58.63,479,PRINTING
21:44:13,22.57,53.44,549,220,1.77,21,24.44,37.29,552,190,2.24,46,22.86,47.13,568,PAUSED
21:45:13,21.4,59.55,414,378,4.41,21,27.12,44.14,580,270,2.86,9,22.25,36.5,419,IDLE
21:46:13,25.82,50.81,516,172,4.58,37,,,,,,,,,,PAUSED
21:47:13,,,,,,,21.16,45.97,497,479,3.4,23,18.61,32.41,579,ERROR
21:48:13,27.73,47.12,513,495,2.34,23,24.89,40.27,406,118,2.04,20,24.05,40.58,481,PRINTING
21:49:13,25.75,33.73,401,173,4.34,20,20.22,43.27,422,119,4.69,4,19.21,50.12,470,IDLE
21:50:13,22.22,46.19,597,134,3.54,20,23.21,56.11,512,162,4.43,32,19.55,31.44,586,ERROR
21:51:13,24.93,44.2,443,230,3.62,23,20.7,45.07,581,440,1.75,10,23.21,39.29,513,PRINTING
21:52:13,21.71,43.39,396,376,1.52,41,26.85,43.83,496,348,2.44,30,18.96,52.15,560,ERROR
21:53:13,27.65,57.66,568,313,1.51,39,23.47,45.19,431,139,0.28,14,24.16,51.09,454,PRINTING
21:54:13,20.1,44.82,561,289,4.84,42,24.78,40.47,476,285,1.54,25,22.78,59.32,576,PAUSED
21:55:13,23.95,52.02,450,469,3.66,10,24.75,35.18,477,110,4.43,45,24.31,46.14,424,IDLE
21:56:13,19.36,32.57,465,246,2.75,21,23.75,38.76,495,401,2.56,18,26.99,50.48,398,ERROR
21:57:13,18.18,56.26,399,165,1.18,13,21.74,41.38,481,43,0.31,49,20.96,53.14,482,PRINTING
21:58:13,22.73,32.77,395,265,0.72,37,19.13,31.31,568,107,0.95,25,21.66,38.73,455,IDLE
21:59:13,19.99,50.87,506,173,0.83,5,24.29,41.09,576,355,1.9,28,20.8,57.39,484,PAUSED
22:00:13,21.76,48.17,450,225,1.74,46,23.51,53.04,497,386,2.05,50,19.47,50.38,592,IDLE
22:01:13,23.47,47.91,528,417,1.66,42,21.66,47.6,493,141,2.9,12,26.19,54.27,580,IDLE
22:02:13,26.6,37.17,531,494,0.39,35,21.34,49.6,581,57,2.44,49,24.6,53.53,581,ERROR
22:03:13,23.3,55.68,589,317,2.14,0,27.44,59.93,595,118,2.22,48,18.3,39.15,498,PRINTING
22:04:13,23.59,55.04,437,47,4.45,8,21.22,55.98,540,347,2.48,32,21.22,43.97,550,PAUSED
22:05:13,25.79,42.63,546,347,0.06,8,22.63,31.13,464,292,2.6,45,20.96,33.6,497,IDLE
22:06:13,,,,,,,24.25,45.37,474,327,4.25,42,27.2,53.22,398,ERROR
22:07:13,21.54,59.77,426,301,1.78,3,21.81,42.64,464,484,1.85,6,24.24,35.67,403,PAUSED
22:08:13,20.72,32.92,591,235,2.5,33,26.84,33.99,498,457,0.07,31,19.81,54.73,444,ERROR
22:09:13,26.01,54.37,585,100,2.07,10,19.03,44.04,534,298,0.62,27,24.93,33.78,434,IDLE
22:10:13,26.69,55.32,509,108,2.99,22,24.59,53.11,480,387,2.83,42,21.72,50.83,590,ERROR
22:11:13,25.66,56.68,581,166,3.09,21,22.46,39.65,476,54,2.49,22,26.13,45.8,541,IDLE
22:12:13,24.88,45.19,597,5,3.49,24,22.83,30.29,503,355,3.02,15,23.03,31.8,580,IDLE
22:13:13,20.65,33.19,460,312,3.95,24,26.04,38.86,444,231,0.01,49,25.94,52.98,421,ERROR
22:14:13,20.52,50.93,496,120,0.97,44,27.34,56.02,472,487,1.68,16,21.81,32.61,509,IDLE
22:15:13,22.71,40.7,464,278,2.13,9,24.59,39.24,439,233,3.29,41,25.72,37.97,474,PRINTING
22:16:13,27.31,46.29,570,90,1.52,39,20.19,48.58,570,364,4.8,24,20.77,51.07,409,PRINTING
22:17:13,24.21,35.4,418,79,3.99,46,19.89,42.43,563,155,3.45,18,18.41,58.54,523,PRINTING
22:18:13,20.47,56.88,420,113,2.22,10,25.42,43.21,527,19,3.22,26,19.36,58.18,419,PAUSED
22:19:13,27.36,42.08,594,309,1.08,8,19.13,32.9,536,217,4.32,15,23.4,32.47,493,PRINTING
22:20:13,19.02,50.34,532,116,2.7,7,22.43,57.73,573,13,3.95,3,22.52,33.44,569,PRINTING
22:21:13,18.44,33.14,508,359,2.39,30,21.94,53.41,524,260,0.57,0,18.57,37.18,448,ERROR
22:22:13,20.53,38.99,477,55,4.03,41,18.29,46.89,456,52,3.75,7,,,,IDLE
22:23:13,27.42,44.94,556,355,4.85,45,23.99,47.41,575,476,3.62,37,23.8,48.0,555,ERROR
22:24:13,18.39,51.67,548,451,1.2,38,22.16,55.05,550,46,4.9,2,23.53,30.85,586,ERROR
22:25:13,27.27,47.17,469,447,1.44,25,19.41,48.5,417,260,4.92,20,24.55,42.5,380,IDLE
22:26:13,27.54,49.86,418,174,1.54,6,23.38,50.94,422,265,1.13,20,27.68,33.98,405,PAUSED
22:27:13,26.15,32.06,469,272,2.24,46,19.38,42.08,535,55,2.7,7,23.1,53.18,454,IDLE
22:28:13,26.66,46.27,555,151,3.01,8,19.93,31.37,578,465,3.57,20,18.07,43.68,482,ERROR
22:29:13,22.16,38.2,578,25,4.91,18,22.12,34.86,493,112,4.69,36,19.04,50.91,537,IDLE
22:30:13,26.23,53.44,387,479,4.82,11,26.2,50.22,481,493,2.28,45,22.3,39.9,588,PRINTING
22:31:13,20.34,35.77,511,32,3.82,36,,,,,,,,,,PAUSED
22:32:13,22.51,55.27,388,318,1.38,27,22.14,48.99,399,64,2.86,34,21.26,47.52,586,PRINTING
22:33:13,26.9,54.19,444,330,4.13,28,20.9,34.43,516,405,1.45,11,19.46,41.62,507,PAUSED
22:34:13,19.36,40.13,410,381,3.63,8,25.53,59.55,541,371,2.94,10,26.56,59.47,405,IDLE
22:35:13,20.81,52.13,549,356,1.42,10,21.17,42.33,427,230,1.18,31,27.65,58.07,578,PRINTING
22:36:13,20.0,54.76,513,163,2.16,36,23.15,46.11,399,376,1.75,0,21.87,57.83,559,IDLE
22:37:13,26.69,53.75,474,225,0.58,40,27.91,57.31,440,222,0.37,2,26.04,57.77,449,PRINTING
22:38:13,,,,,,,25.17,51.66,458,268,3.72,25,22.28,33.85,416,IDLE
22:39:13,18.92,32.83,516,392,3.31,48,19.03,54.1,395,310,0.16,5,20.94,35.36,585,PRINTING
22:40:13,20.4,39.6,436,279,1.13,4,24.98,50.58,389,231,4.67,5,21.43,58.24,484,PAUSED
22:41:13,20.75,39.46,556,192,4.89,46,23.63,40.72,412,306,1.37,24,25.61,33.91,436,PRINTING
22:42:13,20.41,42.78,561,30,2.08,5,25.93,48.27,518,20,3.64,17,21.54,42.44,398,PRINTING
22:43:13,24.99,57.59,593,263,3.18,38,27.6,41.47,438,380,0.41,18,22.47,32.84,520,ERROR
22:44:13,27.68,50.47,573,152,2.8,3,27.98,59.74,467,244,1.45,14,24.21,44.51,527,PRINTING
22:45:13,25.37,37.65,426,51,4.51,14,26.94,30.15,422,410,0.15,15,25.41,52.43,449,ERROR
22:46:13,,,,,,,25.48,57.26,546,380,4.07,23,23.8,31.83,483,PRINTING
22:47:13,18.74,44.93,503,252,1.3,35,21.21,36.09,560,25,0.78,16,20.33,38.88,475,PRINTING
22:48:13,21.55,46.88,413,374,1.89,9,18.28,58.24,527,395,3.61,47,20.93,40.96,388,ERROR
22:49:13,19.07,50.71,550,238,3.94,17,23.98,30.63,489,120,2.26,15,19.1,41.14,517,IDLE
22:50:13,23.56,59.7,443,10,3.0,46,18.75,30.08,439,411,4.18,17,22.56,45.39,571,PAUSED
22:51:13,23.62,58.18,592,139,2.0,13,20.43,38.59,527,353,2.35,25,20.29,36.99,411,ERROR
22:52:13,20.49,33.91,474,188,3.28,49,22.8,38.68,400,339,3.5,22,24.78,31.54,523,PAUSED
22:53:13,24.88,51.94,407,436,1.45,0,22.43,37.93,586,313,4.44,11,20.73,51.15,501,IDLE
22:54:13,27.02,49.14,568,398,4.32,40,23.79,51.97,524,24,4.32,50,18.28,56.5,383,IDLE
22:55:13,19.83,40.56,571,45,3.19,29,25.26,48.78,598,73,0.36,18,22.62,52.53,523,ERROR
22:56:13,19.28,30.15,423,147,1.64,17,24.89,49.29,531,314,4.72,34,23.34,49.51,527,PRINTING
22:57:13,26.33,39.33,594,332,2.75,38,18.56,49.52,438,26,1.84,42,19.5,49.26,412,ERROR
22:58:13,23.33,44.38,561,267,1.65,43,26.5,44.15,563,459,4.03,28,22.21,37.46,419,ERROR
22:59:13,27.11,46.96,543,288,2.65,44,23.04,58.46,490,201,3.31,9,19.06,54.34,583,PAUSED
23:00:13,27.89,38.99,408,469,4.08,14,22.72,53.2,410,38,4.37,12,19.47,34.21,489,PRINTING
23:01:13,25.86,34.39,498,103,2.58,18,27.48,31.26,577,490,0.79,22,23.41,35.56,485,ERROR
23:02:13,21.88,32.57,453,119,2.92,32,27.24,33.83,587,243,4.72,30,18.79,42.53,427,PAUSED
23:03:13,18.95,56.27,591,432,2.39,36,23.54,57.47,474,355,1.13,11,25.26,44.58,390,ERROR
23:04:13,20.71,48.83,462,167,3.63,24,23.24,33.94,442,41,3.08,5,22.85,49.3,514,IDLE
23:05:13,18.62,40.46,516,270,4.68,16,,,,,,,22.33,55.44,584,PAUSED
23:06:13,19.56,50.03,526,63,4.66,10,27.4,48.47,519,110,4.81,5,23.95,53.53,539,PAUSED
23:07:13,23.81,54.75,483,307,4.62,23,23.35,34.47,438,129,4.24,39,25.37,38.2,473,ERROR
23:08:13,18.6,39.26,591,42,4.29,50,27.87,43.04,434,106,2.94,37,27.19,49.32,490,PAUSED
23:09:13,23.62,55.11,454,66,4.32,28,24.67,33.83,458,354,1.83,31,21.79,48.94,415,ERROR
23:10:13,23.74,53.96,563,421,2.89,1,27.92,44.54,591,469,1.48,45,18.6,44.81,500,PRINTING
23:11:13,19.33,48.78,417,259,1.74,19,19.9,41.09,466,384,2.74,5,22.29,50.52,567,PRINTING
23:12:13,25.7,52.84,586,321,1.72,41,24.8,58.08,478,382,4.41,27,26.69,55.8,420,PRINTING
23:13:13,21.81,32.37,508,0,0.41,21,18.19,43.27,559,245,0.23,45,22.17,44.2,456,ERROR
23:14:13,23.05,45.57,473,461,0.58,8,24.88,53.43,384,248,4.41,49,25.81,52.71,529,ERROR
23:15:13,18.92,47.77,448,93,2.14,19,20.59,39.59,391,70,4.63,21,24.06,43.61,578,PAUSED
23:16:13,25.26,33.78,420,252,2.94,3,26.39,48.14,441,39,1.11,34,24.8,40.32,422,PRINTING
23:17:13,20.2,47.11,556,484,0.24,32,19.28,57.05,502,46,2.95,42,21.89,33.02,401,IDLE
23:18:13,24.75,47.81,574,454,4.15,34,18.85,32.66,547,73,0.14,21,23.5,33.98,421,ERROR
23:19:13,20.27,47.36,492,389,0.36,42,25.02,46.83,427,377,1.56,25,20.67,44.79,472,PAUSED
23:20:13,22.08,33.57,512,86,1.09,4,22.53,35.14,458,333,0.8,6,18.86,33.08,398,IDLE
23:21:13,26.76,55.01,586,17,4.1,45,18.74,56.38,570,245,1.3,2,24.14,32.29,465,PRINTING
23:22:13,27.02,50.73,541,411,0.81,45,20.46,30.33,465,483,1.23,33,26.02,58.65,555,PRINTING
23:23:13,27.89,41.58,405,75,0.64,5,20.09,40.53,534,328,1.7,2,25.14,41.44,382,ERROR
23:24:13,23.0,40.7,508,338,1.29,26,24.2,57.46,531,333,3.25,13,26.6,48.41,483,IDLE
23:25:13,25.14,38.2,398,289,2.94,16,26.33,30.59,451,261,1.8,35,21.9,35.85,382,ERROR
23:26:13,21.81,59.46,393,475,2.13,0,21.13,50.66,599,33,3.44,39,26.24,47.51,485,PRINTING
23:27:13,,,,,,,24.77,44.81,458,21,0.23,2,19.9,39.48,445,PAUSED
23:28:13,22.21,55.51,428,382,4.64,50,27.02,45.83,390,24,0.92,45,24.51,57.97,452,PRINTING
23:29:13,27.51,34.24,499,199,3.45,36,24.5,57.36,432,233,4.39,24,,,,ERROR
23:30:13,24.61,39.28,590,315,2.43,18,,,,,,,,,,PRINTING
23:31:13,25.52,40.58,485,256,1.74,4,22.64,32.02,537,413,2.79,25,19.19,36.23,534,IDLE
23:32:13,24.8,34.52,412,114,2.66,34,22.59,43.93,461,97,2.99,29,22.08,59.69,384,PRINTING
23:33:13,23.57,57.99,404,399,2.57,27,21.57,46.46,600,489,3.94,47,23.35,34.57,537,IDLE
23:34:13,25.8,48.16,548,128,2.94,10,,,,,,,18.3,44.74,488,PAUSED
23:35:13,26.3,35.39,471,87,1.02,8,21.46,33.66,580,152,1.02,31,22.57,54.84,393,PRINTING
23:36:13,22.26,36.71,427,33,3.43,42,25.75,34.59,414,54,4.12,12,21.17,38.17,407,PAUSED
23:37:13,26.86,33.42,479,363,0.55,40,24.82,59.08,534,350,0.4,17,23.61,45.66,450,ERROR
23:38:13,20.69,36.98,417,209,1.29,19,18.25,35.24,475,173,1.11,8,20.99,44.8,439,ERROR
23:39:13,26.65,38.72,449,200,0.89,22,,,,,,,26.48,53.48,585,PRINTING
23:40:13,26.66,41.3,403,497,4.41,49,26.59,36.61,582,232,0.23,40,,,,IDLE
23:41:13,18.6,47.83,564,450,0.67,29,23.67,59.89,530,286,2.77,1,22.0,43.38,434,PRINTING
23:42:13,23.7,31.65,535,487,1.39,21,20.58,58.05,480,182,4.58,17,20.91,31.84,535,IDLE
23:43:13,,,,,,,27.58,46.06,582,151,1.31,20,24.54,46.54,403,PRINTING
23:44:13,18.35,37.66,530,22,1.61,41,20.82,40.71,597,181,4.65,2,26.33,44.61,393,PRINTING
23:45:13,23.08,31.24,535,243,0.97,9,21.06,32.91,455,496,0.77,35,24.48,35.23,412,ERROR
23:46:13,20.55,36.56,384,427,0.29,14,24.79,54.08,550,74,3.95,35,23.17,55.57,464,PAUSED
23:47:13,21.55,42.9,590,445,3.31,47,20.43,32.28,442,249,0.86,5,21.05,44.04,570,PRINTING
23:48:13,23.57,50.79,580,377,1.92,24,25.58,41.4,546,300,2.44,45,23.81,49.06,418,PAUSED
23:49:13,18.75,31.15,421,291,3.85,41,20.6,51.86,417,46,1.06,27,18.35,33.27,388,ERROR
23:50:13,22.71,36.04,477,172,0.03,8,18.82,49.35,523,418,0.19,8,25.04,36.75,452,IDLE
23:51:13,20.39,45.55,577,322,0.61,11,19.95,33.92,380,186,3.72,28,22.36,40.97,577,IDLE
23:52:13,20.51,55.27,486,161,0.7,7,26.59,41.08,491,350,1.33,26,24.6,59.71,600,ERROR
23:53:13,23.33,45.52,471,143,1.02,40,21.82,48.21,587,303,1.6,1,19.12,39.69,517,IDLE
23:54:13,20.24,51.96,579,332,2.36,12,27.2,52.23,435,248,4.76,34,19.33,59.17,560,ERROR
23:55:13,26.75,32.09,465,289,0.95,13,26.43,52.57,593,391,2.29,36,19.86,31.43,386,PAUSED
23:56:13,21.03,58.41,599,213,3.12,25,25.03,46.58,449,124,1.14,6,19.25,51.87,385,IDLE
23:57:13,18.02,54.33,494,381,4.47,37,21.06,47.78,513,227,2.79,31,23.57,32.81,594,PAUSED
23:58:13,18.16,32.05,592,312,2.75,5,25.41,56.22,459,132,3.68,37,23.07,34.15,461,PAUSED
23:59:13,24.63,58.98,571,17,0.24,41,,,,,,,25.36,34.68,543,PAUSED
