,Sensor Ext 1,,,,,,Sensor Int 1,,,,,,Sensor Int 2,,,
Time,Temperature,Humidity,CO2,VOC,CO,Particulate,Temperature,Humidity,CO2,VOC,CO,Particulate,Temperature,Humidity,CO2,Printer Status
00:00:13,20.64,41.42,551,89,0.51,10,18.53,36.76,422,381,3.64,29,18.77,51.04,407,PAUSED
00:01:13,24.19,49.05,417,161,1.31,35,25.88,42.77,577,306,4.96,35,24.61,31.64,402,PAUSED
00:02:13,25.38,58.3,509,149,1.28,42,22.68,39.85,434,89,2.17,46,24.71,39.34,419,ERROR
00:03:13,,,,,,,20.3,50.75,569,50,0.85,37,26.92,57.54,470,PRINTING
00:04:13,27.96,55.91,439,195,3.53,22,27.26,56.18,434,458,2.74,4,22.17,52.67,589,PRINTING
00:05:13,20.87,36.9,581,407,1.39,23,27.99,38.82,467,58,4.64,6,20.59,58.66,600,IDLE
00:06:13,25.34,36.88,514,257,3.77,21,25.25,32.09,504,1,2.06,43,22.07,57.69,435,IDLE
00:07:13,,,,,,,24.76,32.68,422,406,0.87,45,21.98,45.12,441,ERROR
00:08:13,21.47,35.74,549,193,2.71,50,24.29,45.71,480,172,1.77,36,23.68,30.68,387,PRINTING
00:09:13,26.23,34.85,541,176,1.69,5,23.82,53.81,512,390,4.94,0,,,,PAUSED
00:10:13,19.04,55.46,594,449,0.99,5,18.83,58.04,415,229,1.89,18,20.41,59.97,491,IDLE
00:11:13,25.91,44.52,564,158,4.73,43,22.9,47.01,593,440,3.33,7,23.93,46.9,446,ERROR
00:12:13,22.64,48.65,464,180,2.34,4,26.53,49.71,553,446,2.62,22,23.95,34.1,385,PRINTING
00:13:13,20.73,40.96,506,439,2.59,20,25.4,34.55,385,121,0.78,4,19.58,42.35,385,PRINTING
00:14:13,21.7,59.56,479,449,2.69,18,26.96,43.73,468,29,0.1,42,23.63,34.2,408,IDLE
00:15:13,18.12,46.72,383,27,1.71,39,27.38,34.08,498,149,0.91,12,27.55,37.23,559,PRINTING
00:16:13,,,,,,,27.53,43.38,457,113,4.93,42,21.42,31.55,471,PRINTING
00:17:13,25.9,53.31,498,185,3.72,34,21.45,56.89,588,316,0.67,27,19.67,45.7,547,IDLE
00:18:13,18.59,34.26,508,193,1.21,16,26.84,55.58,516,240,1.93,27,26.6,45.76,549,IDLE
00:19:13,25.0,59.17,431,187,1.58,14,20.56,38.19,592,134,3.58,8,20.04,35.33,496,ERROR
00:20:13,27.03,52.81,591,15,4.07,41,18.67,30.92,431,162,1.75,38,18.6,50.35,399,PAUSED
00:21:13,24.75,50.93,424,471,1.85,34,19.63,47.59,573,74,0.6,12,27.05,38.16,425,PRINTING
00:22:13,23.29,58.96,580,13,4.36,47,27.09,43.6,600,61,1.93,2,22.03,42.46,390,ERROR
00:23:13,23.13,30.63,448,67,2.74,33,27.57,38.06,517,230,2.68,35,23.14,30.48,582,PRINTING
00:24:13,19.59,51.61,430,374,3.55,44,27.33,52.29,441,166,4.71,29,27.04,42.16,574,IDLE
00:25:13,22.9,30.1,434,35,0.95,29,27.24,39.26,576,209,2.14,48,24.61,39.32,506,ERROR
00:26:13,27.36,33.99,538,92,1.23,23,27.55,48.2,532,404,4.82,22,22.98,41.74,527,IDLE
00:27:13,21.52,57.7,563,498,4.08,48,25.24,43.17,531,118,2.26,23,21.05,46.18,462,PAUSED
00:28:13,23.29,43.31,549,216,0.56,41,18.65,38.56,451,402,1.77,11,18.68,33.6,550,IDLE
00:29:13,18.4,53.57,514,175,0.95,16,20.99,54.44,557,5,0.24,41,27.06,52.83,407,PAUSED
00:30:13,20.05,32.1,508,160,1.92,21,21.78,43.66,564,395,3.03,38,25.2,41.9,583,IDLE
00:31:13,25.6,57.59,578,23,4.85,16,26.21,38.11,562,387,4.47,16,25.21,48.35,471,IDLE
00:32:13,18.31,51.91,450,478,1.39,12,18.48,30.28,399,257,3.8,10,19.46,36.05,452,ERROR
00:33:13,27.13,39.97,400,313,3.82,38,23.77,30.93,434,133,2.23,20,19.4,52.7,452,IDLE
00:34:13,22.83,44.81,405,158,2.07,1,19.88,59.67,470,343,4.21,8,23.87,59.38,383,PAUSED
00:35:13,27.24,44.19,561,420,2.8,5,22.89,30.83,496,159,4.07,13,24.28,44.29,424,IDLE
00:36:13,23.08,58.16,599,411,0.09,21,25.53,50.06,449,260,1.59,8,24.31,51.68,504,PAUSED
00:37:13,19.46,55.17,596,346,0.5,2,18.56,53.33,567,59,3.61,36,23.24,43.92,456,ERROR
00:38:13,20.59,52.55,493,441,1.25,39,27.42,53.84,599,162,1.93,16,21.41,55.81,564,PRINTING
00:39:13,25.29,46.41,401,49,3.93,10,26.03,44.14,587,292,1.67,47,21.68,59.91,511,IDLE
00:40:13,26.24,33.74,452,419,4.46,7,27.38,46.65,536,102,4.56,23,27.55,37.13,503,IDLE
00:41:13,,,,,,,24.72,54.16,398,100,2.02,16,22.44,47.58,438,PAUSED
00:42:13,25.44,31.32,403,402,0.92,13,21.5,49.1,567,271,0.03,4,25.27,52.47,600,PRINTING
00:43:13,27.91,57.36,440,372,3.64,26,27.23,30.11,443,467,3.22,20,19.43,51.74,545,ERROR
00:44:13,27.82,50.01,540,410,1.42,30,20.58,43.8,437,219,2.17,27,20.43,32.89,437,PRINTING
00:45:13,25.24,36.84,467,451,2.88,4,,,,,,,19.03,49.1,391,PRINTING
00:46:13,19.52,41.92,422,400,4.45,20,23.9,46.66,598,211,3.15,9,19.85,40.69,474,IDLE
00:47:13,20.34,48.47,476,53,3.3,14,,,,,,,25.4,51.0,427,PAUSED
00:48:13,19.66,57.46,464,91,1.24,39,27.16,43.97,560,367,1.95,28,23.93,53.8,519,PRINTING
00:49:13,25.14,34.29,427,199,3.87,28,27.48,59.85,391,35,2.26,0,19.13,46.46,595,ERROR
00:50:13,19.97,44.93,594,481,0.1,28,26.1,38.29,595,230,4.36,29,19.69,52.64,398,PRINTING
00:51:13,23.73,57.2,446,83,3.97,46,25.69,33.13,552,350,1.75,38,22.43,44.83,582,IDLE
00:52:13,23.77,35.16,498,160,3.13,50,21.95,55.96,540,479,3.16,17,22.05,59.3,420,PAUSED
00:53:13,27.5,32.25,517,186,3.97,46,24.42,54.19,445,28,3.33,46,27.09,46.11,487,IDLE
00:54:13,20.63,37.41,566,171,4.74,43,22.1,50.53,417,152,4.94,24,27.68,39.59,487,PRINTING
00:55:13,24.25,35.62,442,325,3.34,39,21.17,34.33,554,104,2.55,3,22.07,41.72,395,ERROR
00:56:13,25.21,49.01,471,19,1.02,41,27.63,40.73,501,92,2.14,18,25.5,33.37,422,PRINTING
00:57:13,23.35,47.28,392,315,1.1,9,23.6,48.63,549,372,4.93,28,18.4,30.86,596,IDLE
00:58:13,26.33,37.98,415,222,0.82,22,18.61,57.81,409,355,2.39,27,24.06,44.58,569,ERROR
00:59:13,23.13,41.11,502,65,0.24,50,25.29,43.94,487,384,2.5,42,25.3,48.25,588,ERROR
01:00:13,27.65,45.22,560,229,1.72,37,19.78,48.39,400,78,1.08,11,18.15,42.85,396,ERROR
01:01:13,26.68,59.36,530,461,0.58,23,,,,,,,18.05,30.49,451,PAUSED
01:02:13,19.19,54.4,597,237,0.62,41,27.28,58.75,461,382,2.18,49,26.82,40.06,387,PRINTING
01:03:13,19.4,53.98,527,112,1.76,40,22.14,33.3,492,443,1.05,34,18.1,46.13,559,IDLE
01:04:13,21.17,52.85,405,403,2.98,46,19.35,58.14,595,460,3.9,24,26.15,47.13,445,PRINTING
01:05:13,19.93,33.89,503,67,4.19,17,26.07,42.13,560,316,0.56,41,24.15,37.5,548,PAUSED
01:06:13,18.48,51.24,410,178,4.73,15,22.62,34.22,528,17,3.27,33,19.5,48.77,419,PAUSED
01:07:13,22.25,34.61,538,409,3.88,14,22.5,32.06,382,18,3.24,40,21.85,34.39,539,ERROR
01:08:13,27.08,40.66,464,434,2.31,48,19.03,55.72,589,35,0.55,22,22.53,33.92,536,PRINTING
01:09:13,22.95,35.33,560,170,0.76,48,19.82,36.17,428,317,3.48,33,19.21,59.8,425,ERROR
01:10:13,21.1,44.43,454,445,0.96,10,26.51,35.37,572,275,2.83,29,25.62,51.78,537,ERROR
01:11:13,18.92,59.92,439,362,3.53,37,21.43,35.07,546,106,3.4,43,18.37,44.96,467,PAUSED
01:12:13,18.11,57.6,405,400,4.66,39,23.37,59.07,536,251,4.66,42,22.29,50.9,502,PRINTING
01:13:13,27.29,53.19,397,110,4.36,36,19.1,54.69,458,479,4.13,19,,,,ERROR
01:14:13,19.68,52.79,476,324,0.72,4,25.66,57.72,545,171,4.95,8,26.08,32.96,580,PRINTING
01:15:13,23.66,32.28,525,145,2.76,26,23.9,53.38,558,447,4.84,47,27.98,43.9,517,PRINTING
01:16:13,21.15,42.61,443,90,1.65,23,27.29,51.4,492,355,1.01,12,22.69,39.19,480,PAUSED
01:17:13,23.58,50.69,440,293,4.85,42,22.01,50.64,473,169,0.55,0,24.15,44.26,587,IDLE
01:18:13,23.38,49.01,595,184,2.74,38,,,,,,,25.88,51.37,403,PRINTING
01:19:13,19.42,39.82,461,202,3.93,50,25.41,43.06,424,430,4.4,6,25.61,53.47,523,ERROR
01:20:13,23.21,42.24,501,184,2.18,27,20.37,50.64,503,472,3.92,48,27.76,50.37,557,PAUSED
01:21:13,26.8,43.33,403,466,0.66,6,25.99,56.21,549,80,3.68,28,19.09,33.7,544,ERROR
01:22:13,26.92,50.38,527,138,4.71,36,23.41,55.08,526,89,4.15,10,27.82,33.92,447,PRINTING
01:23:13,26.07,39.04,555,352,3.77,43,24.25,41.11,413,230,1.94,37,27.81,48.33,479,ERROR
01:24:13,21.22,59.8,434,467,1.83,46,19.96,56.73,421,408,1.29,28,27.83,36.36,399,ERROR
01:25:13,26.16,41.43,488,59,1.49,39,22.28,50.58,449,482,1.66,21,18.47,53.2,393,ERROR
01:26:13,18.5,57.99,563,326,1.7,14,18.35,33.72,532,175,0.58,25,25.07,47.2,407,PAUSED
01:27:13,19.14,42.21,383,399,3.16,27,20.78,34.26,501,210,3.18,46,23.26,57.11,494,ERROR
01:28:13,24.98,52.2,549,44,1.3,29,24.66,53.78,485,76,1.51,36,25.34,36.02,555,IDLE
01:29:13,18.91,33.54,536,192,2.05,49,18.35,55.0,552,375,2.29,40,27.69,54.28,598,IDLE
01:30:13,26.31,58.24,417,269,2.76,37,26.13,36.01,525,221,2.5,9,19.97,44.44,537,IDLE
01:31:13,25.67,42.97,501,358,0.37,40,19.3,55.42,446,341,2.11,13,19.79,58.42,485,PAUSED
01:32:13,25.96,35.07,517,453,1.74,17,22.15,54.04,464,331,0.42,18,27.4,59.37,576,PAUSED
01:33:13,23.7,36.17,401,167,2.94,6,22.6,30.14,549,67,3.57,28,21.48,32.5,584,PAUSED
01:34:13,24.98,41.05,435,363,1.27,24,18.66,35.85,468,222,1.04,13,,,,IDLE
01:35:13,,,,,,,23.91,51.36,489,393,3.94,15,26.13,39.73,538,PRINTING
01:36:13,24.37,44.1,532,277,0.28,8,21.77,46.06,508,37,3.93,19,23.46,56.42,457,ERROR
01:37:13,26.59,33.41,513,366,3.8,41,24.21,45.51,588,379,2.73,19,22.32,56.54,411,IDLE
01:38:13,18.13,44.5,381,349,1.71,25,18.65,56.26,421,294,0.1,25,20.06,33.58,412,ERROR
01:39:13,19.65,35.17,578,458,2.61,20,22.95,48.15,567,497,3.79,13,20.94,39.41,463,PAUSED
01:40:13,25.49,30.19,497,302,1.38,31,21.56,49.2,445,400,4.51,8,18.55,43.79,507,IDLE
01:41:13,18.18,43.93,491,494,0.87,11,27.97,45.6,402,26,4.38,24,26.22,38.19,404,ERROR
01:42:13,25.15,47.96,572,292,4.43,18,20.64,56.97,492,496,0.71,33,24.99,41.33,548,PRINTING
01:43:14,,,,,,,20.36,32.47,391,194,1.33,20,25.53,59.87,394,ERROR
01:44:14,27.1,40.78,413,237,0.56,44,25.36,53.8,598,12,4.41,43,22.35,54.37,391,ERROR
01:45:14,24.72,46.53,445,423,2.76,39,25.06,48.34,599,386,3.97,1,24.4,34.23,403,PAUSED
01:46:14,21.16,57.06,494,447,1.07,30,26.54,46.93,395,225,1.45,45,22.08,34.09,600,PAUSED
01:47:14,21.25,45.25,443,404,2.39,12,19.35,55.54,442,381,4.55,30,22.54,48.75,437,ERROR
01:48:14,21.09,58.68,567,347,0.88,13,21.74,34.97,555,250,4.67,9,,,,PAUSED
01:49:14,23.63,45.16,523,471,0.73,24,19.36,59.37,579,441,2.47,32,21.34,53.26,527,PAUSED
01:50:14,24.34,51.51,466,411,4.83,22,27.51,44.44,594,363,0.73,48,,,,PRINTING
01:51:14,24.8,40.89,588,2,3.01,46,18.6,59.42,514,282,0.53,41,22.26,52.81,388,ERROR
01:52:14,27.43,39.26,507,336,1.75,9,25.91,47.67,493,335,4.63,45,19.2,57.54,469,IDLE
01:53:14,20.09,56.51,472,212,1.47,29,21.89,46.31,489,402,3.48,21,19.71,44.3,447,IDLE
01:54:14,25.96,57.56,404,372,0.77,1,19.27,39.43,561,140,4.23,9,27.53,51.2,512,ERROR
01:55:14,21.85,55.45,591,113,3.71,10,25.17,47.55,461,272,1.7,47,25.81,54.83,451,IDLE
01:56:14,26.95,37.31,600,192,1.45,10,21.55,43.5,467,420,3.58,17,19.42,31.7,459,PRINTING
01:57:14,21.11,35.08,398,406,3.42,9,19.34,42.65,476,281,2.91,11,26.04,39.8,588,IDLE
01:58:14,26.66,51.91,586,142,2.49,30,,,,,,,18.35,33.93,417,ERROR
01:59:14,21.17,42.58,553,281,2.23,4,27.46,48.47,482,11,3.04,9,18.22,59.64,526,PAUSED
02:00:14,19.69,40.62,533,130,3.09,25,27.77,45.4,573,118,0.77,30,23.53,47.31,547,PAUSED
02:01:14,25.06,57.09,438,255,0.16,25,25.36,59.53,553,145,0.07,18,22.45,41.79,465,PRINTING
02:02:14,21.57,34.08,439,119,3.29,3,27.21,44.24,516,212,4.34,36,21.88,42.09,499,IDLE
02:03:14,,,,,,,22.82,42.87,573,62,4.03,45,18.26,42.58,480,ERROR
02:04:14,23.78,48.17,389,38,1.61,43,25.25,54.69,578,91,4.15,13,20.79,33.69,394,PAUSED
02:05:14,23.41,43.9,539,363,0.96,11,18.19,43.64,532,329,3.97,12,22.21,47.04,481,ERROR
02:06:14,24.07,49.54,515,6,1.43,38,19.15,31.51,524,257,0.97,3,25.05,57.22,392,PRINTING
02:07:14,21.18,45.51,453,151,4.85,28,18.14,55.06,474,242,4.18,32,26.35,50.0,410,PAUSED
02:08:14,20.62,40.28,496,341,2.75,37,24.63,54.76,580,229,0.82,41,18.96,56.75,447,PRINTING
02:09:14,18.18,33.35,501,179,2.2,28,19.81,55.7,450,408,3.41,24,25.15,44.19,502,ERROR
02:10:14,24.08,52.86,398,375,3.98,23,27.4,40.98,595,269,4.78,31,22.11,53.05,479,PRINTING
02:11:14,25.84,33.37,483,442,4.32,17,18.1,51.64,424,427,0.86,14,25.38,39.69,384,IDLE
02:12:14,24.24,53.81,543,276,4.75,22,19.3,32.28,380,44,2.48,36,27.59,34.6,398,ERROR
02:13:14,25.73,44.83,524,13,3.98,46,23.13,57.86,583,182,0.6,24,21.59,39.96,398,PAUSED
02:14:14,22.94,55.4,577,147,3.93,0,22.29,42.59,463,487,3.23,48,23.92,54.12,402,PRINTING
02:15:14,23.08,43.9,469,488,2.48,45,20.12,31.69,545,392,0.07,30,24.79,51.87,450,ERROR
02:16:14,27.56,34.86,592,65,0.79,1,20.17,45.03,548,405,0.31,3,26.06,48.33,459,IDLE
02:17:14,19.23,59.87,385,408,2.12,41,20.62,58.77,397,84,0.91,42,27.12,34.74,483,IDLE
02:18:14,23.13,46.24,517,408,4.51,6,27.37,54.15,505,492,2.15,28,20.1,57.69,452,PAUSED
02:19:14,20.77,47.26,481,435,2.3,38,23.38,32.58,556,499,0.01,49,20.78,40.62,557,PRINTING
02:20:14,20.8,31.34,519,215,4.59,30,28.0,35.3,387,477,0.57,13,25.35,33.52,463,PRINTING
02:21:14,26.76,38.28,461,89,0.78,7,26.95,54.34,560,133,4.6,5,23.07,59.42,519,ERROR
02:22:14,27.63,48.7,522,475,0.76,25,18.09,59.47,454,360,0.08,34,25.09,45.08,570,PAUSED
02:23:14,26.31,35.0,452,201,1.71,39,19.78,46.56,406,13,3.37,35,21.63,59.83,428,ERROR
02:24:14,19.95,41.56,539,44,2.65,34,27.37,51.82,500,374,3.83,9,22.28,43.52,548,ERROR
02:25:14,27.8,57.36,549,121,0.43,4,23.41,41.42,506,232,4.55,0,26.25,30.29,434,ERROR
02:26:14,20.59,47.99,380,108,2.83,34,18.13,31.93,571,225,2.79,11,21.2,42.65,517,IDLE
02:27:14,19.54,53.01,416,303,1.81,11,21.84,32.81,572,445,4.71,30,,,,PRINTING
02:28:14,19.43,44.34,387,65,1.56,41,19.95,45.52,471,109,2.57,7,18.68,33.48,545,PRINTING
02:29:14,25.81,55.19,446,468,1.19,26,24.92,56.38,403,151,2.02,24,21.12,32.38,456,PAUSED
02:30:14,24.21,33.75,396,177,3.75,10,26.04,38.22,426,56,0.48,13,22.1,36.31,504,PAUSED
02:31:14,20.98,41.59,422,364,0.06,20,24.7,40.35,495,355,0.13,44,19.06,47.76,528,ERROR
02:32:14,26.21,57.94,567,218,0.03,29,21.65,49.83,530,399,0.98,1,22.28,39.05,452,IDLE
02:33:14,23.23,59.7,534,444,1.14,10,24.44,49.78,600,219,0.29,43,24.4,31.49,518,PAUSED
02:34:14,24.93,31.57,416,204,0.56,16,24.03,37.97,526,454,0.75,28,24.77,31.67,459,PAUSED
02:35:14,27.53,45.92,552,22,1.76,37,24.4,33.45,424,75,2.59,28,26.83,35.19,547,ERROR
02:36:14,27.03,36.96,417,55,1.49,5,27.27,35.6,421,119,4.78,43,27.66,50.8,399,IDLE
02:37:14,26.19,58.73,574,321,2.62,32,20.76,42.74,545,297,2.01,17,27.57,47.15,585,IDLE
02:38:14,22.83,33.85,394,293,1.02,17,24.94,40.03,545,326,0.73,17,19.04,48.59,586,IDLE
02:39:14,22.93,33.92,584,18,3.1,48,24.7,50.99,429,328,2.85,10,21.23,30.1,483,IDLE
02:40:14,23.52,50.56,388,386,0.73,43,23.39,44.66,591,303,0.96,38,,,,PRINTING
02:41:14,23.91,47.77,414,282,4.54,31,21.11,57.37,430,340,2.74,25,26.36,30.26,426,IDLE
02:42:14,19.77,35.37,404,300,1.39,3,23.27,57.67,414,263,4.08,25,20.29,45.14,556,PAUSED
02:43:14,23.16,55.01,446,152,2.23,30,,,,,,,27.88,47.15,591,ERROR
02:44:14,,,,,,,25.9,59.66,506,390,0.72,6,20.14,37.4,382,ERROR
02:45:14,18.01,56.02,402,442,3.71,40,,,,,,,20.27,31.0,592,PAUSED
02:46:14,25.99,41.66,516,290,2.7,28,20.03,48.01,511,388,3.42,17,,,,ERROR
02:47:14,18.88,46.38,433,247,2.68,33,25.79,54.64,381,319,4.84,33,25.53,51.38,547,IDLE
02:48:14,26.09,59.53,547,145,2.2,3,21.99,54.63,451,49,4.99,10,22.78,33.53,402,PAUSED
02:49:14,26.09,56.39,570,14,0.64,41,24.48,51.5,382,490,4.25,11,20.47,54.06,386,ERROR
02:50:14,25.32,30.55,465,374,4.43,18,23.44,56.16,488,183,2.56,49,19.68,34.47,438,ERROR
02:51:14,22.03,30.78,468,184,0.34,15,22.11,41.67,419,487,1.17,48,23.24,53.98,580,ERROR
02:52:14,22.54,53.81,507,435,0.41,20,,,,,,,27.41,35.15,465,ERROR
02:53:14,22.79,58.48,572,335,0.35,36,24.79,50.03,395,225,3.43,45,20.23,53.39,386,ERROR
02:54:14,18.73,49.72,572,7,2.83,2,26.88,55.13,482,104,1.28,14,23.69,31.25,434,IDLE
02:55:14,22.47,54.75,535,370,2.73,22,23.73,43.8,591,257,1.67,40,27.9,59.08,546,PAUSED
02:56:14,25.49,50.83,519,417,2.62,11,26.48,38.47,576,467,3.99,39,18.79,45.05,383,PRINTING
02:57:14,,,,,,,19.31,55.39,552,235,4.16,45,26.05,59.14,535,IDLE
02:58:14,19.68,36.81,584,184,2.27,19,18.87,59.77,507,120,4.94,33,19.7,56.54,424,IDLE
02:59:14,27.38,41.97,435,230,0.35,39,25.62,37.11,588,388,2.15,19,20.9,56.81,570,PAUSED
03:00:14,24.42,56.98,546,398,0.27,2,18.12,38.73,445,439,0.32,22,18.19,54.25,398,PAUSED
03:01:14,21.03,56.06,415,319,2.24,29,18.29,30.51,393,326,2.83,43,22.99,51.99,435,PRINTING
03:02:14,23.02,57.18,488,376,4.31,30,18.95,40.94,506,286,4.48,37,19.15,49.6,499,IDLE
03:03:14,,,,,,,20.55,47.19,542,89,3.25,36,26.19,41.14,459,ERROR
03:04:14,19.44,52.84,577,299,4.11,21,26.13,54.41,444,67,4.34,45,24.04,35.34,584,ERROR
03:05:14,21.6,42.76,510,34,1.25,3,22.08,54.48,413,124,1.07,40,18.84,49.34,536,PRINTING
03:06:14,19.04,38.52,576,59,2.28,1,21.64,32.78,522,77,1.89,26,20.79,53.39,551,ERROR
03:07:14,26.96,51.28,395,364,3.61,2,26.25,42.16,434,467,0.84,35,23.41,49.77,583,PRINTING
03:08:14,18.02,44.59,572,463,2.52,32,18.87,39.47,399,17,2.4,18,26.23,48.24,504,PRINTING
03:09:14,18.28,42.27,565,267,0.61,32,19.47,41.09,450,7,1.46,9,25.07,37.54,491,ERROR
03:10:14,21.06,37.0,502,295,2.61,0,26.72,49.3,477,340,0.25,30,18.98,38.55,558,IDLE
03:11:14,23.0,38.92,398,83,3.62,8,26.19,54.51,591,195,3.96,34,25.2,46.0,522,ERROR
03:12:14,18.49,56.03,442,50,1.96,17,26.06,52.8,431,179,4.45,10,21.07,52.76,526,PRINTING
03:13:14,24.93,54.23,416,215,4.51,49,23.77,52.24,537,421,3.89,33,24.68,49.73,527,PRINTING
03:14:14,23.68,58.0,562,281,3.97,7,26.45,45.07,443,1,1.72,24,21.22,49.58,382,ERROR
03:15:14,20.0,42.21,530,122,4.06,11,18.84,51.98,500,39,1.58,10,24.43,58.18,441,IDLE
03:16:14,25.3,48.21,513,141,1.21,44,21.17,53.89,434,308,1.15,20,27.39,48.89,411,IDLE
03:17:14,25.65,51.76,564,173,4.39,47,25.01,46.76,451,264,1.83,25,18.32,42.26,457,PAUSED
03:18:14,24.82,41.18,466,137,1.68,31,22.82,47.87,389,490,0.28,32,27.36,48.83,485,IDLE
03:19:14,23.21,35.22,398,464,2.56,49,26.13,43.06,499,184,0.1,7,20.16,51.8,506,IDLE
03:20:14,20.33,34.7,423,88,0.03,20,,,,,,,18.76,58.74,466,ERROR
03:21:14,20.47,47.75,509,52,3.46,7,21.21,49.81,518,202,1.26,48,27.03,50.1,533,IDLE
03:22:14,21.99,50.31,573,494,0.01,43,22.41,33.13,392,269,4.06,21,22.11,52.37,521,IDLE
03:23:14,,,,,,,22.28,56.94,489,405,3.95,19,24.62,55.66,416,PRINTING
03:24:14,24.31,36.63,394,109,0.59,44,20.22,56.75,405,189,1.81,4,21.45,54.11,513,PRINTING
03:25:14,27.23,50.09,440,223,2.74,46,21.93,45.49,591,48,2.05,31,25.46,54.7,600,IDLE
03:26:14,27.55,48.54,484,30,3.33,41,20.5,47.06,421,488,3.52,23,22.07,59.13,419,PAUSED
03:27:14,19.42,58.88,395,438,4.58,4,24.98,55.68,565,263,0.56,34,24.71,33.76,413,PRINTING
03:28:14,20.61,50.93,597,3,3.66,15,24.85,31.02,507,422,0.58,34,23.69,34.87,543,IDLE
03:29:14,21.55,31.47,479,405,2.8,15,21.87,42.53,580,119,1.67,45,27.77,38.72,511,PRINTING
03:30:14,27.61,49.73,585,217,0.3,45,23.83,47.21,408,406,4.59,43,26.02,58.94,502,IDLE
03:31:14,18.23,43.71,572,149,3.85,26,27.16,43.48,457,28,0.72,48,27.18,42.7,529,ERROR
03:32:14,21.49,42.8,493,318,4.86,16,18.55,42.86,473,22,2.41,30,18.05,59.48,512,PAUSED
03:33:14,19.23,34.54,398,5,2.17,25,24.25,31.66,383,486,0.06,17,18.08,34.05,431,ERROR
03:34:14,18.49,35.19,500,310,0.97,15,24.62,58.56,456,424,3.39,43,18.14,50.66,453,ERROR
03:35:14,27.05,49.24,576,191,3.66,17,18.34,44.9,535,471,4.36,9,25.32,42.85,414,IDLE
03:36:14,27.62,30.75,453,249,1.27,10,19.73,53.61,566,367,0.97,35,24.74,55.76,413,PAUSED
03:37:14,25.66,46.46,519,14,4.87,2,25.88,55.64,521,342,2.7,6,,,,PAUSED
03:38:14,,,,,,,18.31,38.18,398,389,2.47,39,26.57,40.24,592,PAUSED
03:39:14,,,,,,,24.96,52.41,584,270,3.77,47,22.19,30.82,600,ERROR
03:40:14,21.93,49.51,553,47,3.59,28,18.05,39.36,475,467,0.91,25,,,,PAUSED
03:41:14,20.75,39.57,577,108,4.39,32,24.71,56.88,524,85,4.93,21,19.81,49.61,404,IDLE
03:42:14,27.43,51.81,537,358,1.16,35,22.06,47.22,549,224,1.08,13,18.65,38.58,527,PAUSED
03:43:14,,,,,,,25.53,47.2,599,349,0.79,17,20.19,55.76,472,PRINTING
03:44:14,24.02,41.4,530,24,0.08,47,23.84,42.27,527,253,2.93,7,18.08,49.79,410,IDLE
03:45:14,22.65,59.89,553,462,2.84,3,27.96,56.83,433,98,4.32,42,24.54,30.43,538,PAUSED
03:46:14,21.81,30.76,435,421,0.51,22,26.67,38.19,407,318,4.93,22,20.25,38.04,526,IDLE
03:47:14,21.8,58.93,549,258,3.72,31,22.48,32.83,398,111,4.76,50,25.03,45.52,470,ERROR
03:48:14,19.2,53.75,532,60,2.46,13,22.47,49.43,561,452,0.88,32,20.39,52.51,420,IDLE
03:49:14,,,,,,,24.38,53.94,593,102,3.81,39,25.78,43.67,451,PAUSED
03:50:14,22.35,46.39,492,377,4.86,1,23.02,43.42,521,329,1.28,49,19.36,39.03,420,IDLE
03:51:14,27.6,57.85,567,458,4.17,20,26.14,43.63,518,211,4.47,16,23.64,44.55,486,PAUSED
03:52:14,19.4,40.6,508,448,2.13,38,20.87,57.3,587,83,3.58,43,22.75,47.14,393,PAUSED
03:53:14,26.39,39.25,497,110,2.39,21,18.33,56.63,399,138,1.47,37,23.25,49.23,477,PRINTING
03:54:14,22.07,43.18,514,274,4.69,15,21.99,59.2,441,414,4.53,50,18.48,55.4,521,PRINTING
03:55:14,18.04,43.1,475,288,3.85,7,26.28,47.33,568,21,2.8,14,24.45,58.58,407,ERROR
03:56:14,25.0,41.56,557,128,0.17,26,21.36,59.5,407,195,2.61,30,21.82,32.2,503,PAUSED
03:57:14,24.2,31.98,390,381,0.75,39,19.69,54.09,403,485,4.64,31,20.26,45.25,458,PAUSED
03:58:14,26.16,51.92,573,218,1.73,16,25.19,58.59,510,353,4.27,28,25.25,36.27,482,PAUSED
03:59:14,24.48,45.92,552,482,0.6,33,20.33,30.52,453,311,0.62,37,21.84,39.47,398,IDLE
04:00:14,18.77,30.28,588,454,3.36,45,20.2,58.8,441,266,0.52,33,27.87,54.86,584,PRINTING
04:01:14,20.13,47.91,439,270,2.37,22,23.52,46.38,427,181,0.54,0,24.67,30.16,387,IDLE
04:02:14,27.64,47.24,491,67,1.98,49,,,,,,,21.44,44.96,410,IDLE
04:03:14,22.2,51.06,534,165,3.52,27,21.64,50.01,510,53,4.85,8,26.48,31.05,387,ERROR
04:04:14,25.23,55.72,490,451,4.5,32,25.4,33.4,550,437,0.06,20,25.13,41.74,551,ERROR
04:05:14,27.67,46.43,595,273,1.22,8,23.32,56.61,589,380,2.89,47,22.03,31.26,458,PRINTING
04:06:14,27.25,36.7,568,320,0.14,14,27.16,36.05,559,485,1.18,50,25.7,49.29,525,ERROR
04:07:14,27.77,52.91,466,481,0.03,38,18.7,49.34,585,37,4.74,3,24.79,43.02,469,IDLE
04:08:14,22.52,53.44,466,400,1.83,47,20.92,45.8,542,90,4.24,11,24.64,42.12,523,PAUSED
04:09:14,19.54,32.96,600,126,2.0,3,23.21,45.23,397,369,1.35,38,24.76,49.94,440,PAUSED
04:10:14,25.91,49.35,571,392,3.09,6,25.08,37.54,504,189,4.4,22,27.19,53.1,444,PRINTING
04:11:14,21.73,54.52,539,181,3.15,32,24.46,47.07,484,500,3.04,26,26.09,41.35,380,PRINTING
04:12:14,25.66,42.91,506,0,3.77,11,20.28,58.96,588,60,1.47,2,22.99,43.41,529,PAUSED
04:13:14,18.46,45.08,490,124,1.94,0,27.43,56.86,571,158,0.66,29,21.8,30.45,484,PRINTING
04:14:14,27.33,39.4,527,285,3.88,13,22.61,51.63,404,103,4.07,5,19.31,34.61,494,PRINTING
04:15:14,18.98,30.34,560,0,4.99,13,26.88,57.89,522,119,3.04,13,24.4,40.68,390,ERROR
04:16:14,20.26,30.56,466,489,1.66,38,23.7,36.59,478,103,0.21,2,25.7,49.63,518,PAUSED
04:17:14,21.86,45.9,565,432,4.68,36,24.44,54.0,443,403,2.27,36,23.49,41.09,600,ERROR
04:18:14,18.48,42.15,494,287,4.27,19,18.28,38.68,534,293,4.82,6,24.03,35.57,543,IDLE
04:19:14,22.8,55.8,518,186,2.61,17,24.1,43.74,391,150,4.38,37,27.28,42.84,506,PRINTING
04:20:14,,,,,,,23.64,38.57,380,395,3.31,50,27.36,52.9,450,IDLE
04:21:14,23.18,45.28,524,74,2.9,36,18.08,42.23,583,188,0.59,30,25.3,53.37,445,ERROR
04:22:14,24.88,50.17,572,127,2.11,2,20.13,40.63,499,162,1.69,23,24.93,48.44,394,IDLE
04:23:14,23.56,58.34,588,300,4.07,27,18.66,55.67,409,7,1.97,45,22.01,34.87,500,IDLE
04:24:14,27.06,43.1,530,11,2.18,31,19.32,46.83,502,100,0.39,27,,,,PAUSED
04:25:14,20.83,49.87,573,18,2.92,48,26.17,30.39,497,380,3.26,22,26.3,45.39,407,PAUSED
04:26:14,18.39,40.98,482,404,0.78,17,25.73,58.03,441,218,0.84,37,23.77,32.69,533,PRINTING
04:27:14,23.56,32.58,408,47,2.68,37,18.28,36.12,510,294,4.66,9,27.65,56.33,541,IDLE
04:28:15,23.95,44.79,445,247,2.22,42,21.64,53.55,482,302,0.94,24,22.44,47.77,567,PAUSED
04:29:15,22.2,58.97,541,391,2.76,48,19.13,42.55,543,370,4.84,31,21.47,46.03,448,IDLE
04:30:15,23.18,40.76,546,319,4.58,23,,,,,,,26.23,33.53,576,ERROR
04:31:15,25.72,37.64,483,478,4.39,38,25.31,48.38,398,281,3.38,49,27.38,41.14,428,IDLE
04:32:15,26.79,38.09,426,208,2.44,16,24.65,51.09,525,322,4.33,18,22.19,37.97,384,PRINTING
04:33:15,25.53,51.14,382,413,3.92,13,19.73,56.0,419,446,0.97,41,,,,IDLE
04:34:15,25.21,32.14,537,74,4.83,20,18.47,54.69,425,81,4.23,47,22.12,56.33,550,IDLE
04:35:15,19.83,58.78,563,39,2.07,32,27.73,48.29,414,362,1.42,8,27.42,38.79,466,IDLE
04:36:15,22.29,39.77,539,179,4.29,23,,,,,,,27.13,52.68,597,IDLE
04:37:15,26.77,39.48,513,252,2.24,5,27.35,59.5,528,137,1.29,41,27.84,57.47,440,IDLE
04:38:15,18.29,56.34,576,190,2.91,41,19.12,50.2,458,83,3.5,30,27.17,30.7,570,IDLE
04:39:15,18.13,41.34,419,315,2.42,43,27.75,34.97,386,47,3.48,39,20.6,47.28,536,PAUSED
04:40:15,,,,,,,20.0,31.65,545,156,4.94,4,27.61,48.37,384,IDLE
04:41:15,19.33,42.36,567,134,2.73,19,18.02,42.47,469,230,1.22,19,27.6,51.45,511,PAUSED
04:42:15,25.57,44.13,542,245,1.31,1,22.03,55.08,468,388,1.82,0,26.68,31.51,457,IDLE
04:43:15,27.95,44.08,461,415,3.56,32,,,,,,,24.6,39.9,479,IDLE
04:44:15,18.01,57.68,503,419,4.05,19,25.55,48.3,473,117,4.91,48,22.03,51.76,530,PRINTING
04:45:15,18.81,59.64,485,58,1.46,28,24.86,48.49,395,447,1.48,17,27.06,53.1,507,IDLE
04:46:15,22.67,41.88,450,211,3.76,16,24.04,42.76,511,230,3.37,9,22.84,30.6,569,ERROR
04:47:15,19.63,30.74,561,111,1.6,31,23.77,51.31,482,160,3.78,38,22.13,52.06,587,PRINTING
04:48:15,20.74,58.79,565,148,2.66,1,25.39,48.22,491,187,3.25,27,23.86,52.91,396,ERROR
04:49:15,21.17,58.95,585,420,1.58,11,27.74,38.75,561,153,1.91,20,24.88,45.1,523,IDLE
04:50:15,22.46,49.52,480,390,3.69,20,22.2,56.63,565,101,4.66,48,,,,PRINTING
04:51:15,24.22,50.88,505,453,4.18,13,27.4,40.76,593,298,1.14,29,21.4,52.85,529,PRINTING
04:52:15,20.81,50.64,418,442,0.34,5,27.35,43.72,407,381,1.16,35,22.0,57.0,427,PAUSED
04:53:15,,,,,,,23.29,58.37,521,327,0.49,28,,,,PRINTING
04:54:15,25.21,54.48,408,422,4.73,44,21.15,55.25,389,70,1.06,19,,,,PRINTING
04:55:15,26.1,54.76,415,33,0.23,41,18.64,44.28,516,240,0.29,29,25.6,31.71,386,PRINTING
04:56:15,27.57,33.85,539,61,2.42,31,23.58,40.12,382,485,0.79,46,20.16,58.11,479,ERROR
04:57:15,23.39,35.88,461,462,3.4,39,27.03,51.94,446,392,4.38,16,24.31,50.47,385,PAUSED
04:58:15,22.16,32.6,538,138,3.33,17,19.99,41.59,587,26,2.49,28,19.49,37.36,457,PRINTING
04:59:15,19.59,36.44,420,79,3.26,35,22.32,41.75,387,399,2.96,50,25.1,59.56,434,PRINTING
05:00:15,23.94,44.36,385,485,1.85,32,20.22,40.6,562,304,0.54,6,23.73,45.09,381,IDLE
05:01:15,22.58,52.23,508,175,0.48,27,22.62,56.53,555,245,0.4,7,22.64,43.79,391,PAUSED
05:02:15,24.19,41.82,398,23,0.68,0,24.96,49.53,509,449,3.91,8,21.51,50.27,398,ERROR
05:03:15,26.48,52.7,421,66,4.61,31,20.36,30.9,559,1,1.4,5,21.75,49.01,420,PRINTING
05:04:15,23.45,51.62,563,61,4.87,44,18.04,34.78,462,299,3.72,27,23.26,43.51,540,PAUSED
05:05:15,25.91,44.83,512,84,4.13,10,26.81,44.64,598,43,3.33,14,23.25,47.57,431,PAUSED
05:06:15,20.18,40.4,412,417,2.03,33,,,,,,,26.29,56.34,536,IDLE
05:07:15,26.08,40.42,550,333,3.48,27,24.86,58.36,509,47,3.42,4,19.57,53.17,506,PRINTING
05:08:15,21.46,54.71,542,256,3.85,31,24.81,32.75,437,56,0.31,46,25.34,49.53,566,IDLE
05:09:15,27.83,35.06,432,375,4.98,21,20.24,56.88,564,280,1.63,7,20.68,36.81,489,PAUSED
05:10:15,24.36,43.19,423,150,4.92,32,21.86,40.08,387,330,0.33,17,20.29,51.87,469,ERROR
05:11:15,21.92,54.39,503,327,4.5,2,18.45,38.52,453,146,1.94,32,26.06,42.96,387,ERROR
05:12:15,21.66,31.28,564,497,3.44,41,21.56,36.91,426,293,0.77,32,26.78,40.95,402,PRINTING
05:13:15,27.6,36.85,465,41,3.53,16,23.76,52.7,460,392,1.93,33,22.02,53.7,417,IDLE
05:14:15,24.91,34.25,422,66,2.55,5,22.03,31.56,489,10,2.56,3,23.15,42.26,496,ERROR
05:15:15,24.11,45.07,598,375,4.39,25,27.34,41.9,429,251,3.08,11,19.04,31.17,382,ERROR
05:16:15,20.65,38.11,489,192,3.81,13,24.37,36.89,504,81,4.35,23,25.71,48.16,506,PRINTING
05:17:15,22.2,32.05,501,499,2.04,25,26.68,52.87,386,365,1.71,22,27.59,40.59,577,PRINTING
05:18:15,21.78,56.01,499,419,1.73,37,26.75,50.31,555,119,2.14,50,20.34,31.59,381,PAUSED
05:19:15,24.04,53.93,558,140,3.11,48,27.8,39.6,466,220,2.44,5,22.84,54.94,387,PAUSED
05:20:15,24.69,55.66,392,294,2.82,32,22.99,56.28,563,46,1.61,22,27.8,53.27,598,PAUSED
05:21:15,27.54,40.06,443,269,1.48,7,24.86,47.57,401,276,0.46,9,25.88,30.45,599,ERROR
05:22:15,24.47,35.98,459,400,1.09,4,26.17,37.27,539,210,0.82,3,18.13,50.27,569,ERROR
05:23:15,,,,,,,23.82,50.71,558,39,1.91,8,26.74,48.44,520,ERROR
05:24:15,24.72,55.02,401,360,0.18,32,24.97,49.0,524,396,2.46,43,18.1,54.06,407,IDLE
05:25:15,26.14,30.13,589,304,3.8,44,,,,,,,25.01,38.94,427,ERROR
05:26:15,22.1,52.02,562,160,1.5,36,26.29,30.85,440,103,0.82,48,23.33,31.98,439,PRINTING
05:27:15,26.82,58.82,538,359,2.14,35,24.27,55.23,590,289,0.8,17,25.65,30.13,538,IDLE
05:28:15,26.55,34.06,597,272,0.64,19,26.4,56.17,421,38,3.28,42,24.66,31.8,386,PAUSED
05:29:15,19.58,48.33,393,388,1.66,23,20.11,57.29,503,489,1.37,41,25.02,34.87,454,PRINTING
05:30:15,27.0,58.75,442,45,1.33,21,26.94,48.79,537,451,3.49,10,20.34,59.49,573,PRINTING
05:31:15,23.52,49.56,480,277,3.91,10,27.89,51.01,479,420,4.17,20,25.64,30.2,518,ERROR
05:32:15,22.44,47.83,549,198,0.79,2,26.86,30.42,592,320,3.54,13,19.38,43.38,437,PAUSED
05:33:15,,,,,,,21.32,56.08,392,260,2.67,23,23.74,46.6,521,PRINTING
05:34:15,19.14,51.52,423,63,4.56,25,24.97,34.97,600,61,1.56,3,24.64,51.98,429,IDLE
05:35:15,22.36,30.35,585,497,0.36,22,23.29,37.75,545,177,1.13,1,18.87,50.3,539,ERROR
05:36:15,24.2,45.88,503,299,4.98,23,21.36,38.22,384,352,3.8,12,19.39,43.42,486,PAUSED
05:37:15,25.19,50.16,382,306,4.67,21,26.28,49.02,462,107,0.35,31,22.15,51.9,445,PAUSED
05:38:15,23.8,59.81,433,425,3.89,34,27.52,47.18,485,403,3.1,30,23.84,40.52,446,ERROR
05:39:15,19.61,51.18,545,96,1.86,14,27.71,55.23,581,82,2.96,38,,,,PAUSED
05:40:15,27.29,50.38,523,126,1.45,7,19.18,38.89,489,267,3.29,10,25.9,39.54,575,PAUSED
05:41:15,,,,,,,25.74,32.81,476,82,4.8,3,24.8,59.89,481,PAUSED
05:42:15,22.4,49.14,598,187,0.04,44,27.57,38.33,455,212,0.98,8,20.57,55.04,443,PRINTING
05:43:15,21.31,44.15,595,12,2.85,10,23.26,41.14,408,328,0.16,26,21.26,46.29,426,PRINTING
05:44:15,19.7,47.28,552,385,1.75,11,22.05,56.15,390,99,2.81,0,18.86,54.58,583,IDLE
05:45:15,18.01,41.68,415,32,0.7,10,22.28,56.11,392,239,2.34,22,22.67,37.97,435,IDLE
05:46:15,20.03,52.75,394,254,1.43,21,22.26,35.03,555,483,4.6,9,27.57,47.45,412,IDLE
05:47:15,21.28,53.06,394,27,1.91,8,24.52,31.59,452,10,1.82,48,20.94,46.3,471,IDLE
05:48:15,22.63,32.12,412,61,4.58,41,20.76,34.7,516,274,1.32,42,18.52,55.6,577,IDLE
05:49:15,22.89,33.02,402,441,1.16,48,22.1,40.13,511,338,4.37,2,21.55,46.75,397,ERROR
05:50:15,18.33,38.14,548,162,0.09,25,25.23,57.39,384,337,2.13,23,27.57,57.52,458,ERROR
05:51:15,,,,,,,22.27,30.1,453,293,4.35,45,26.44,44.67,385,PRINTING
05:52:15,19.55,36.16,505,470,3.81,21,26.89,43.23,549,238,0.16,39,24.89,54.83,477,PRINTING
05:53:15,27.49,55.31,393,489,4.88,26,,,,,,,20.72,53.42,403,PAUSED
05:54:15,21.4,48.93,454,84,0.05,19,19.15,57.69,395,456,0.78,46,22.72,44.89,554,PRINTING
05:55:15,18.82,48.25,488,164,4.51,22,22.27,31.82,549,86,2.52,36,21.81,42.49,403,ERROR
05:56:15,20.43,58.45,538,394,2.79,12,19.95,58.47,518,153,1.42,35,23.36,44.32,408,IDLE
05:57:15,18.38,54.44,532,233,4.55,47,27.9,31.73,479,389,4.82,43,20.95,30.56,446,ERROR
05:58:15,25.35,38.37,447,303,1.55,21,26.52,55.35,480,32,1.32,10,20.35,43.18,439,IDLE
05:59:15,,,,,,,21.43,48.13,388,354,4.2,21,,,,IDLE
06:00:15,25.02,57.64,500,403,3.13,40,20.39,44.29,429,39,2.07,18,27.22,34.62,518,PRINTING
06:01:15,24.09,53.35,487,340,2.4,32,23.79,31.86,435,119,3.98,41,27.93,45.61,478,ERROR
06:02:15,25.15,30.82,470,37,2.51,32,24.02,50.69,389,43,0.89,44,18.82,54.59,385,PAUSED
06:03:15,,,,,,,18.85,44.06,438,203,3.46,17,22.95,32.08,530,PRINTING
06:04:15,23.92,40.03,554,448,1.11,33,18.06,56.86,472,103,3.18,28,,,,ERROR
06:05:15,24.66,37.84,496,164,2.19,47,21.02,53.25,389,125,1.2,6,21.32,30.87,434,PAUSED
06:06:15,19.43,31.79,440,165,3.31,26,27.66,34.35,453,270,3.59,31,21.0,45.83,424,PRINTING
06:07:15,19.31,54.7,469,436,0.48,35,25.51,46.83,424,475,1.95,47,27.93,51.79,562,ERROR
06:08:15,27.44,31.46,499,272,1.92,32,24.6,38.09,471,496,3.61,3,19.11,38.89,546,PRINTING
06:09:15,18.52,44.36,458,91,2.66,31,18.41,39.27,431,142,0.42,13,26.72,31.63,528,PAUSED
06:10:15,18.44,48.78,396,449,2.72,20,19.38,51.04,549,55,2.45,15,19.45,59.65,506,IDLE
06:11:15,21.52,46.53,585,130,2.13,49,19.94,56.92,395,199,1.53,36,25.48,47.05,479,IDLE
06:12:15,19.33,35.16,526,428,4.58,14,24.95,35.41,416,202,4.31,12,20.12,49.49,525,ERROR
06:13:15,22.32,44.6,420,210,2.64,26,23.46,46.75,534,244,3.09,31,27.03,41.3,531,IDLE
06:14:15,20.76,47.1,435,440,4.19,33,21.02,57.55,499,369,3.0,5,26.91,59.63,542,PRINTING
06:15:15,27.0,37.66,449,310,2.97,29,24.4,45.09,510,344,0.34,30,26.65,55.47,471,IDLE
06:16:15,18.75,48.49,429,242,1.74,40,18.66,59.15,541,166,0.53,11,21.9,56.54,385,IDLE
06:17:15,23.27,46.39,547,337,4.7,41,18.72,48.97,443,96,0.94,7,20.5,38.47,421,ERROR
06:18:15,26.68,42.3,553,219,2.8,41,19.09,44.2,485,163,4.64,13,20.66,46.48,442,ERROR
06:19:15,18.22,46.0,416,391,3.22,32,19.94,37.96,566,483,1.55,2,18.3,59.75,513,IDLE
06:20:15,22.3,31.39,484,185,2.84,20,20.86,40.11,490,384,0.73,40,24.13,31.08,596,ERROR
06:21:15,,,,,,,21.7,55.72,426,301,0.37,33,26.76,49.2,495,ERROR
06:22:15,18.5,44.5,412,497,2.19,29,,,,,,,18.65,59.78,383,PAUSED
06:23:15,24.26,34.54,471,298,0.37,42,22.56,53.31,574,468,1.58,22,19.08,47.59,499,IDLE
06:24:15,26.17,53.68,567,214,3.15,14,20.87,50.12,510,189,2.92,33,19.26,58.65,442,ERROR
06:25:15,26.99,35.39,587,115,4.79,15,25.51,44.62,416,249,4.36,35,23.9,48.87,599,PAUSED
06:26:15,20.29,36.11,480,179,3.98,39,22.82,46.23,509,409,1.24,18,21.54,51.68,579,PRINTING
06:27:15,21.3,52.07,545,124,1.17,30,20.77,50.94,411,92,3.32,44,23.32,31.31,599,IDLE
06:28:15,23.17,32.17,441,48,2.47,23,25.9,46.4,569,440,0.18,32,22.29,45.61,456,IDLE
06:29:15,27.55,42.27,471,246,0.04,32,27.19,48.58,388,205,1.99,29,24.17,44.34,425,PAUSED
06:30:15,25.89,57.99,490,44,4.54,4,,,,,,,19.44,45.53,565,PAUSED
06:31:15,27.89,34.96,568,91,3.98,37,18.87,56.54,475,54,1.14,31,23.05,51.67,427,IDLE
06:32:15,19.03,57.51,510,421,0.72,34,26.24,36.6,406,84,3.42,49,21.45,34.28,386,IDLE
06:33:15,21.49,44.96,495,499,4.42,42,22.25,58.93,507,488,4.83,25,26.4,46.33,432,PRINTING
06:34:15,19.55,30.87,445,252,1.87,13,18.63,41.69,478,350,3.97,40,25.04,45.25,480,PAUSED
06:35:15,24.64,31.34,490,71,0.23,45,21.68,45.65,598,56,2.23,9,21.56,52.34,584,ERROR
06:36:15,24.15,52.37,501,119,1.38,31,18.2,33.75,380,280,3.59,18,24.25,30.81,557,PAUSED
06:37:15,23.35,41.26,593,355,2.47,50,22.87,46.94,553,324,3.56,17,19.8,47.87,476,IDLE
06:38:15,24.39,57.26,572,431,1.02,50,,,,,,,23.52,52.72,433,PRINTING
06:39:15,19.86,50.23,435,365,0.59,33,22.94,43.67,519,8,3.97,35,20.68,54.62,507,ERROR
06:40:15,23.82,37.4,564,234,2.78,15,22.55,38.72,459,465,0.32,19,25.28,47.72,515,IDLE
06:41:15,23.58,57.92,574,139,3.51,31,26.31,49.42,436,34,1.02,1,24.1,57.8,564,ERROR
06:42:15,19.73,31.07,456,390,1.86,50,26.84,42.94,547,376,3.77,9,23.7,54.34,421,IDLE
06:43:15,20.48,47.34,556,286,1.49,39,21.37,56.45,600,427,4.21,24,21.58,47.82,493,ERROR
06:44:15,21.58,34.93,556,304,1.95,49,24.48,40.52,438,360,2.62,34,27.73,37.45,557,IDLE
06:45:15,22.77,55.4,425,83,2.78,18,19.47,31.16,501,416,0.99,15,21.08,46.69,564,PRINTING
06:46:15,22.31,55.99,430,355,0.11,0,25.73,55.15,567,362,2.13,17,18.9,56.21,594,IDLE
06:47:15,23.9,32.79,523,291,0.47,32,,,,,,,18.92,59.81,498,PRINTING
06:48:15,21.26,59.24,585,253,0.18,4,27.43,30.96,407,80,0.1,18,,,,ERROR
06:49:15,23.98,38.39,538,49,2.97,7,,,,,,,27.21,50.77,493,PAUSED
06:50:15,21.61,38.98,598,250,2.97,29,26.09,52.83,529,276,1.16,22,27.97,58.9,428,PRINTING
06:51:15,20.14,49.56,465,176,0.15,19,26.43,53.5,573,318,0.01,26,25.31,57.02,562,PRINTING
06:52:15,27.89,34.36,467,50,2.02,47,27.79,35.63,486,242,3.32,31,19.41,36.07,412,PRINTING
06:53:15,25.28,39.06,498,216,0.8,39,23.87,38.62,533,186,4.93,14,20.57,31.78,532,PAUSED
06:54:15,19.07,55.75,548,209,1.3,7,20.41,34.61,442,35,3.57,21,21.68,49.54,401,PAUSED
06:55:15,20.98,48.26,412,190,2.14,7,,,,,,,24.08,34.06,507,IDLE
06:56:15,18.01,57.14,501,308,2.33,25,18.12,56.93,543,110,1.45,7,22.78,57.8,490,PAUSED
06:57:15,25.6,56.23,562,486,0.35,8,20.48,52.13,388,233,3.31,8,22.29,49.83,560,PRINTING
06:58:15,20.63,41.81,441,175,3.2,29,25.58,49.23,509,285,0.21,38,23.15,56.6,466,PRINTING
06:59:15,27.48,47.57,596,402,2.05,50,18.28,37.95,391,93,2.5,35,24.08,50.32,475,PAUSED
07:00:15,19.19,31.16,551,489,4.52,9,27.36,41.03,459,138,1.44,22,21.62,50.59,484,IDLE
07:01:15,22.48,42.83,390,479,2.99,16,25.04,33.72,563,243,0.15,23,18.91,33.94,390,IDLE
07:02:15,22.66,32.37,510,383,2.41,48,19.66,34.8,426,471,1.9,20,22.08,33.21,391,PRINTING
07:03:15,20.35,49.0,509,168,0.99,26,18.55,46.99,579,39,1.41,24,20.56,37.03,411,ERROR
07:04:15,25.82,36.21,496,273,3.34,37,,,,,,,24.93,58.92,380,IDLE
07:05:15,20.36,37.6,444,425,3.26,41,27.1,45.34,465,226,2.67,43,23.33,44.49,408,ERROR
07:06:15,19.6,55.36,591,298,1.97,41,22.48,36.35,418,40,4.24,25,22.22,42.25,465,PRINTING
07:07:15,26.94,35.54,553,170,4.0,23,24.22,34.09,480,224,4.05,8,18.57,36.17,423,ERROR
07:08:15,22.29,55.98,503,482,4.44,33,21.47,53.26,454,220,4.7,47,19.68,33.93,518,ERROR
07:09:15,21.88,30.45,566,75,1.63,44,18.69,33.84,585,335,4.54,50,24.45,31.42,582,PAUSED
07:10:15,,,,,,,23.43,57.15,501,100,4.35,11,20.39,41.65,470,PRINTING
07:11:15,22.12,30.16,421,114,4.63,15,19.41,43.52,548,219,0.49,10,25.07,37.11,516,IDLE
07:12:15,23.29,50.19,463,482,1.24,13,22.07,44.48,451,64,1.5,34,24.06,41.29,538,IDLE
07:13:15,23.11,46.96,497,391,2.65,15,23.27,48.32,453,23,0.04,31,27.08,57.7,429,PRINTING
07:14:15,21.84,59.07,425,147,3.8,42,18.73,31.37,539,481,2.33,3,25.72,33.3,531,PRINTING
07:15:15,23.51,48.72,382,247,4.68,20,23.43,58.07,477,458,0.46,41,27.89,35.27,439,IDLE
07:16:15,19.8,43.12,596,180,1.6,26,25.86,49.61,508,137,3.51,31,23.94,34.44,584,PRINTING
07:17:15,26.9,34.7,518,402,1.75,31,23.45,45.84,497,216,4.54,20,25.8,44.66,440,IDLE
07:18:15,26.48,47.21,427,334,1.72,46,19.47,46.55,489,347,3.24,26,19.17,41.63,563,PRINTING
07:19:15,21.52,60.0,408,104,4.49,47,24.09,52.9,393,493,4.96,22,25.92,47.84,560,ERROR
07:20:15,27.37,46.17,533,288,0.23,6,25.65,47.62,473,220,4.64,33,24.38,44.41,510,PAUSED
07:21:15,18.46,32.13,440,77,1.38,14,22.26,47.06,384,99,1.33,36,25.29,53.26,599,PRINTING
07:22:15,21.31,40.97,531,359,3.58,12,25.62,52.82,531,418,2.36,50,21.42,37.84,572,PRINTING
07:23:15,27.67,38.04,383,29,1.49,40,18.32,32.19,558,251,3.67,43,26.31,51.39,383,PAUSED
07:24:15,23.53,56.85,510,224,3.07,43,25.35,41.08,469,396,2.09,15,24.5,32.7,494,PRINTING
07:25:15,18.63,58.44,491,22,0.96,29,24.85,31.42,417,281,1.94,7,20.58,35.74,514,ERROR
07:26:15,22.82,54.58,499,218,1.68,22,19.22,53.63,421,365,3.01,18,20.18,58.85,582,IDLE
07:27:15,27.41,45.5,596,134,0.81,18,19.21,45.88,473,417,0.96,29,,,,PAUSED
07:28:15,,,,,,,,,,,,,24.19,57.67,539,PRINTING
07:29:15,25.91,39.67,476,164,4.28,5,20.47,47.21,471,231,2.64,26,26.08,31.32,424,PAUSED
07:30:15,26.28,36.73,503,214,3.81,28,22.81,58.29,492,165,2.31,19,19.59,36.59,460,ERROR
07:31:15,27.69,44.88,502,144,2.8,1,22.75,52.49,428,375,0.49,42,26.35,47.14,427,ERROR
07:32:15,27.12,35.24,579,489,4.04,31,27.5,45.78,519,140,2.5,7,23.66,50.66,493,ERROR
07:33:15,25.29,54.6,469,265,3.27,22,25.0,36.3,444,6,1.49,31,18.94,45.23,490,IDLE
07:34:15,20.29,42.2,391,378,1.25,13,19.59,44.62,539,175,0.11,44,23.84,52.13,431,PAUSED
07:35:15,22.85,51.68,596,214,0.14,18,24.68,41.26,507,411,2.93,9,19.29,45.88,464,IDLE
07:36:15,23.8,34.12,532,123,0.8,9,24.73,58.88,471,216,1.1,34,24.2,49.26,413,IDLE
07:37:15,20.66,48.23,557,279,0.35,28,23.77,47.27,557,82,1.04,40,27.57,50.54,520,IDLE
07:38:15,19.58,53.99,386,278,1.25,31,21.85,35.6,551,419,3.85,21,23.28,43.01,380,ERROR
07:39:15,23.2,33.67,583,344,0.39,41,27.74,32.34,460,30,4.03,34,18.07,49.63,577,PAUSED
07:40:15,20.24,30.69,387,12,0.31,25,25.43,48.29,598,146,3.98,8,27.43,32.42,538,PAUSED
07:41:15,20.69,55.83,391,41,3.04,4,25.28,59.53,544,174,2.23,12,,,,IDLE
07:42:15,27.23,58.76,544,100,4.17,1,23.29,48.68,399,10,3.72,39,24.28,33.78,564,ERROR
07:43:15,18.75,48.84,505,474,3.27,27,25.01,56.33,573,454,0.02,8,19.34,33.63,381,IDLE
07:44:15,25.3,37.15,562,131,2.11,18,23.03,46.52,572,225,0.79,45,24.43,45.57,410,IDLE
07:45:15,23.7,34.87,569,479,1.95,11,26.8,44.03,451,48,3.22,18,27.76,34.24,599,IDLE
07:46:15,23.24,41.67,537,150,0.86,2,26.48,33.36,492,236,0.71,7,27.32,38.4,490,PRINTING
07:47:15,19.61,33.39,518,320,2.63,12,22.7,52.13,426,19,3.8,11,19.12,36.79,492,PAUSED
07:48:15,23.74,38.37,492,73,1.36,20,22.11,40.78,553,50,2.74,9,26.3,49.57,408,IDLE
07:49:15,21.49,31.81,574,305,4.62,29,23.67,42.35,429,362,2.52,32,,,,IDLE
07:50:15,21.82,31.13,414,252,4.38,38,25.03,34.35,512,188,1.8,15,23.15,36.11,517,ERROR
07:51:15,25.33,55.78,517,355,2.88,12,25.94,59.22,394,256,2.03,10,19.3,37.69,469,PRINTING
07:52:15,18.35,50.22,492,210,3.01,35,23.48,43.16,479,296,4.36,3,25.29,59.03,527,PAUSED
07:53:15,24.63,49.74,504,97,2.56,14,23.23,59.27,546,251,1.15,39,24.31,58.96,415,PRINTING
07:54:15,19.09,37.67,548,208,0.12,12,25.72,58.1,428,397,1.96,44,23.61,49.03,510,PAUSED
07:55:15,27.12,35.22,574,191,1.4,18,21.5,41.9,406,226,4.05,41,25.86,38.51,596,IDLE
07:56:15,25.97,47.45,571,305,2.84,28,20.74,55.8,538,332,4.92,12,20.26,52.65,456,PAUSED
07:57:15,27.91,53.5,394,413,1.72,5,21.74,54.18,557,78,2.95,49,20.74,44.65,552,PRINTING
07:58:15,18.18,42.48,387,139,0.77,17,24.66,34.25,401,494,1.3,15,27.03,46.4,393,IDLE
07:59:15,18.97,49.18,472,347,3.95,22,24.44,33.63,588,189,3.61,21,21.12,57.15,390,ERROR
08:00:15,26.24,35.02,389,287,0.45,15,24.4,38.76,417,397,1.97,31,26.75,50.64,416,PRINTING
08:01:15,19.28,59.74,584,306,4.91,39,24.3,52.29,487,389,3.38,35,24.52,50.72,555,IDLE
08:02:15,25.48,49.4,457,21,0.63,17,24.1,41.94,594,242,3.32,23,24.36,31.12,501,PRINTING
08:03:15,18.61,37.63,458,184,1.28,22,19.53,51.03,434,70,3.75,20,18.12,51.39,509,PAUSED
08:04:15,22.16,31.93,491,251,0.89,1,24.28,59.55,519,356,0.03,2,24.49,58.28,481,ERROR
08:05:15,18.24,40.18,541,191,2.73,40,19.3,41.3,455,280,1.68,50,25.06,47.47,571,PAUSED
08:06:15,22.22,35.27,589,92,3.91,42,22.26,31.3,412,63,2.38,7,20.51,59.01,512,PAUSED
08:07:15,26.62,51.27,466,197,4.6,36,22.64,53.51,549,432,0.69,43,,,,IDLE
08:08:15,24.94,34.81,533,34,0.81,0,24.33,37.78,446,257,4.25,47,20.26,37.02,487,IDLE
08:09:15,23.5,58.2,547,224,2.22,39,27.13,46.33,385,419,2.42,36,26.23,32.02,462,PRINTING
08:10:15,23.85,59.0,407,464,0.36,42,23.14,47.87,434,174,1.62,6,26.62,42.46,527,IDLE
08:11:15,21.99,40.56,523,478,4.66,10,20.15,30.85,457,310,2.82,12,20.36,44.64,598,PAUSED
08:12:15,18.07,46.77,435,80,1.76,5,20.59,36.73,574,218,1.4,0,25.61,50.48,490,ERROR
08:13:15,27.73,54.98,537,375,2.79,13,18.95,56.74,452,377,4.59,23,22.57,38.07,489,IDLE
08:14:15,19.97,47.37,443,355,0.7,43,21.9,59.75,424,203,0.27,27,27.83,37.45,486,IDLE
08:15:15,19.28,32.74,431,491,1.24,7,19.84,33.05,556,264,0.49,35,18.86,39.14,464,PAUSED
08:16:15,27.44,33.98,511,147,0.16,17,27.44,41.19,442,15,3.13,3,25.92,59.75,463,ERROR
08:17:15,21.21,50.69,589,74,4.61,0,,,,,,,27.58,52.09,419,IDLE
08:18:15,18.57,56.94,397,496,4.1,37,18.52,46.87,494,122,1.39,16,21.59,52.15,441,IDLE
08:19:15,19.65,33.86,412,190,3.15,50,23.46,50.5,480,484,4.24,9,21.71,30.3,599,ERROR
08:20:15,20.46,41.54,538,186,3.87,21,21.64,45.2,598,417,2.89,26,26.52,39.36,438,PAUSED
08:21:15,26.49,40.05,515,449,3.15,8,20.23,53.27,531,171,3.26,4,19.47,41.5,510,PRINTING
08:22:15,18.42,43.37,554,173,2.77,25,21.06,36.99,509,363,0.73,23,21.28,34.13,438,IDLE
08:23:15,22.39,47.55,487,154,0.83,25,18.92,40.38,576,218,0.18,11,27.7,38.51,552,PAUSED
08:24:15,20.57,40.78,475,246,3.23,34,26.98,33.83,591,348,3.82,31,22.81,34.81,513,ERROR
08:25:15,,,,,,,23.79,53.35,471,192,3.78,46,19.72,46.39,497,PRINTING
08:26:15,23.61,34.31,582,297,4.22,14,24.11,40.54,600,284,2.98,24,22.84,54.95,495,ERROR
08:27:15,26.69,35.95,574,45,3.13,21,21.49,50.74,598,54,4.58,3,25.36,32.05,566,PAUSED
08:28:15,26.31,56.6,572,133,2.93,31,24.49,55.05,463,182,0.17,35,24.09,36.17,571,PRINTING
08:29:15,26.02,35.43,519,276,0.48,26,19.93,56.66,506,496,4.25,7,24.85,52.43,409,IDLE
08:30:15,22.21,40.86,401,252,0.99,8,,,,,,,23.23,53.28,579,ERROR
08:31:15,21.58,32.86,427,306,4.93,1,23.88,31.87,418,345,3.54,26,19.16,46.79,546,PRINTING
08:32:15,18.63,54.24,524,470,0.17,29,19.04,30.15,434,168,2.14,50,24.66,45.53,508,PRINTING
08:33:15,21.16,59.94,509,287,3.91,17,26.84,36.73,484,213,3.89,8,19.01,50.12,483,ERROR
08:34:15,22.66,30.28,556,488,1.41,21,25.81,38.99,515,56,1.43,15,25.0,48.77,426,IDLE
08:35:15,25.29,38.47,384,65,3.41,9,22.47,52.61,508,425,3.03,19,25.52,59.5,454,PAUSED
08:36:16,18.42,40.37,436,413,3.21,28,19.83,53.19,397,290,2.63,18,20.84,38.38,405,PAUSED
08:37:16,20.79,38.81,473,78,4.23,9,25.52,48.75,455,214,0.64,28,18.87,33.13,548,IDLE
08:38:16,19.14,43.92,491,147,3.52,26,18.57,34.54,546,374,4.16,25,27.57,55.61,549,PRINTING
08:39:16,18.39,35.25,532,57,4.06,34,20.83,32.75,381,229,4.87,44,23.45,57.82,541,PAUSED
08:40:16,27.02,43.14,380,267,1.31,31,27.93,41.32,493,52,4.1,28,18.63,38.12,532,IDLE
08:41:16,25.6,51.55,541,475,3.88,42,20.64,59.0,490,8,0.85,25,24.28,48.28,533,PAUSED
08:42:16,27.68,36.14,407,288,1.25,5,27.56,59.32,547,43,2.76,13,22.28,44.84,543,PAUSED
08:43:16,18.88,54.35,452,140,0.54,20,24.2,59.74,459,80,0.63,8,23.03,49.74,546,ERROR
08:44:16,25.61,44.17,526,416,4.96,7,20.86,41.58,473,265,1.42,26,23.42,37.5,521,PRINTING
08:45:16,20.68,31.19,523,143,2.66,23,22.4,52.52,454,284,2.87,19,26.01,34.1,560,IDLE
08:46:16,20.55,57.57,468,149,1.55,50,27.3,57.4,474,52,3.39,37,18.55,47.27,485,ERROR
08:47:16,20.39,30.57,450,323,4.14,43,26.81,48.78,475,230,1.88,37,19.46,44.4,588,PRINTING
08:48:16,23.7,43.82,430,57,1.63,9,19.97,42.72,480,467,3.14,15,21.0,38.93,486,ERROR
08:49:16,20.55,31.37,595,260,1.28,16,19.8,36.4,517,85,3.26,46,25.61,30.76,428,ERROR
08:50:16,19.41,56.6,523,39,4.97,38,27.83,55.19,451,479,0.08,47,19.09,45.39,414,PAUSED
08:51:16,19.68,45.19,399,362,4.22,34,18.92,49.97,516,55,2.82,20,19.06,52.85,560,IDLE
08:52:16,27.54,54.47,475,53,0.06,23,18.06,57.59,394,268,1.18,42,22.43,39.62,525,ERROR
08:53:16,,,,,,,23.52,42.19,418,257,3.02,47,,,,IDLE
08:54:16,23.53,40.67,456,13,4.29,6,21.82,52.1,451,367,4.61,18,19.07,58.15,472,PAUSED
08:55:16,21.05,37.13,411,409,0.31,27,23.02,31.92,392,62,3.82,17,21.47,56.08,575,IDLE
08:56:16,24.92,42.62,401,473,1.22,49,27.64,34.01,555,413,4.55,5,25.93,39.91,507,ERROR
08:57:16,22.5,48.19,397,482,4.37,14,22.96,39.66,436,88,4.33,40,20.12,53.13,478,PRINTING
08:58:16,20.99,37.73,401,19,1.24,15,27.95,36.15,564,225,4.95,39,19.99,40.82,535,ERROR
08:59:16,19.07,31.04,417,375,4.22,4,18.38,51.19,468,66,4.89,18,27.91,31.45,583,ERROR
09:00:16,22.14,46.21,401,368,0.92,22,24.67,40.1,504,171,0.86,20,27.29,33.36,423,PAUSED
09:01:16,18.68,34.4,577,0,2.29,3,21.8,59.97,383,106,4.26,4,19.46,39.29,470,PAUSED
09:02:16,22.96,34.73,485,442,0.42,47,19.44,45.47,507,204,2.9,3,,,,PRINTING
09:03:16,19.66,52.81,411,278,0.33,47,23.55,59.41,519,57,0.38,35,19.63,48.94,389,IDLE
09:04:16,26.44,37.57,572,222,1.21,42,20.08,54.04,592,57,2.7,26,19.61,57.53,389,ERROR
09:05:16,22.15,56.62,593,2,1.47,18,24.06,33.88,542,322,3.44,36,,,,ERROR
09:06:16,19.75,33.56,450,439,4.88,41,18.31,39.39,492,138,0.88,21,20.98,47.7,597,PAUSED
09:07:16,,,,,,,20.62,35.83,492,409,1.92,25,19.03,55.75,593,PAUSED
09:08:16,22.34,57.73,425,76,2.23,4,25.69,59.17,586,415,3.74,40,25.94,39.74,593,PAUSED
09:09:16,20.99,40.93,441,269,1.2,7,25.34,46.47,537,437,1.8,2,23.05,56.83,584,IDLE
09:10:16,26.36,58.52,500,66,3.59,8,26.91,54.23,450,8,3.37,4,23.14,35.19,425,ERROR
09:11:16,18.07,49.64,436,200,1.13,30,19.34,46.51,447,24,0.73,7,21.05,34.54,447,ERROR
09:12:16,27.24,51.76,516,149,1.74,35,19.8,50.25,481,395,3.54,9,27.84,53.86,574,IDLE
09:13:16,23.38,39.78,595,429,1.95,29,21.64,38.61,491,307,2.81,17,21.67,50.12,469,ERROR
09:14:16,20.56,40.49,559,21,0.1,38,22.93,43.03,456,118,3.58,48,20.27,43.46,460,PRINTING
09:15:16,25.58,47.16,485,348,0.79,47,25.64,48.74,589,250,3.01,3,25.23,38.71,593,IDLE
09:16:16,18.64,41.08,460,55,0.53,20,23.33,42.54,416,11,0.43,33,23.81,44.57,458,IDLE
09:17:16,19.66,33.74,459,442,3.48,6,27.64,41.01,474,375,1.84,29,27.0,46.57,474,PAUSED
09:18:16,18.2,46.25,492,116,3.14,1,21.5,42.97,478,165,2.64,19,27.95,32.8,415,ERROR
09:19:16,25.54,45.5,545,191,0.76,34,25.01,39.97,499,56,0.88,43,,,,PRINTING
09:20:16,26.89,49.54,450,487,1.87,12,26.43,39.66,565,260,1.67,48,18.4,48.67,489,PRINTING
09:21:16,22.95,52.67,392,332,3.13,30,22.5,57.4,572,82,4.79,41,25.45,48.66,598,PRINTING
09:22:16,23.87,30.44,564,179,0.91,2,20.03,34.08,597,336,0.64,35,19.43,33.7,424,PAUSED
09:23:16,22.49,53.82,596,430,2.69,49,25.75,55.31,391,392,0.99,42,24.4,52.04,565,IDLE
09:24:16,22.54,44.39,534,209,1.47,41,27.49,56.26,419,472,4.67,29,19.45,38.45,553,PAUSED
09:25:16,24.65,33.13,407,325,1.02,39,22.46,58.55,591,96,4.71,50,20.83,54.92,525,IDLE
09:26:16,23.36,30.65,390,90,2.6,16,23.63,30.8,517,79,2.06,29,21.0,49.62,437,IDLE
09:27:16,26.36,34.35,545,5,1.91,10,23.62,32.03,444,318,3.51,26,,,,ERROR
09:28:16,18.47,59.52,448,326,0.78,21,22.87,56.05,460,353,4.28,25,20.65,39.41,502,PAUSED
09:29:16,25.79,58.38,516,336,2.31,43,22.27,53.74,481,427,3.71,3,20.39,33.13,586,PAUSED
09:30:16,21.59,46.1,593,275,0.79,50,18.12,54.43,478,236,3.71,32,23.48,42.57,385,IDLE
09:31:16,25.16,33.66,510,147,1.4,23,18.91,45.52,396,80,3.36,27,26.58,47.2,433,PAUSED
09:32:16,26.94,45.66,458,109,4.76,10,26.28,39.84,463,49,3.74,46,20.47,37.53,581,PRINTING
09:33:16,21.47,38.65,502,109,2.11,41,22.41,44.64,454,18,2.71,46,27.25,49.97,441,IDLE
09:34:16,23.73,32.63,450,266,3.08,5,28.0,35.69,496,168,3.64,33,26.32,44.53,527,PAUSED
09:35:16,21.44,43.9,508,475,0.16,31,22.86,47.79,550,490,2.13,34,24.02,49.15,426,PRINTING
09:36:16,23.44,33.55,489,44,1.23,46,26.79,30.35,445,338,4.97,10,21.84,56.78,415,PAUSED
09:37:16,18.62,33.06,569,94,2.55,26,19.89,34.42,519,495,2.84,16,27.58,30.57,383,PAUSED
09:38:16,20.24,58.06,391,91,0.66,44,27.59,45.32,402,414,4.14,50,25.32,37.52,592,PRINTING
09:39:16,22.73,40.7,488,173,3.92,37,22.61,57.99,524,457,0.36,13,27.24,31.36,428,PAUSED
09:40:16,21.59,44.75,501,385,1.4,1,27.21,42.07,466,79,3.18,5,20.44,33.96,510,PAUSED
09:41:16,18.58,38.67,384,237,2.97,32,23.67,46.21,411,78,1.52,4,25.94,51.91,531,ERROR
09:42:16,,,,,,,19.39,35.0,496,196,4.88,24,26.15,48.76,492,PAUSED
09:43:16,22.75,47.56,482,244,0.83,24,20.11,56.66,456,122,0.86,39,27.66,50.45,420,PAUSED
09:44:16,25.98,32.43,432,429,0.73,26,19.4,36.85,519,19,0.92,29,25.13,37.6,524,IDLE
09:45:16,19.91,30.67,596,378,2.84,11,18.55,45.28,563,242,1.21,19,24.17,58.37,453,ERROR
09:46:16,24.72,41.49,412,158,2.37,37,,,,,,,25.29,35.02,538,PAUSED
09:47:16,20.22,42.76,600,349,1.41,50,18.83,44.16,426,286,4.26,45,27.3,55.46,524,PAUSED
09:48:16,23.86,49.47,560,42,3.1,17,22.03,30.1,567,309,3.62,32,26.27,49.57,563,PAUSED
09:49:16,22.57,41.38,509,418,3.0,15,18.13,52.96,401,25,4.55,41,26.81,59.18,470,PAUSED
09:50:16,21.61,47.71,592,290,1.52,40,22.67,37.41,569,376,2.66,32,26.49,52.09,505,ERROR
09:51:16,18.41,41.69,491,252,1.53,3,19.76,34.56,592,224,3.45,33,26.0,45.5,416,IDLE
09:52:16,26.2,45.11,413,114,3.38,11,20.43,41.99,491,434,3.88,4,19.67,59.19,405,PAUSED
09:53:16,24.07,55.51,550,88,2.01,23,21.89,30.46,449,109,0.05,48,27.69,36.53,473,PAUSED
09:54:16,27.51,33.15,589,210,2.0,37,22.26,58.33,558,382,4.74,34,18.49,58.65,519,PAUSED
09:55:16,18.58,48.69,540,177,4.56,48,24.84,33.21,544,247,3.63,22,22.35,58.83,502,ERROR
09:56:16,,,,,,,26.57,47.2,505,363,0.58,48,24.42,49.56,596,ERROR
09:57:16,27.83,40.25,578,64,4.88,4,18.02,41.0,422,381,2.68,17,26.34,38.93,480,PRINTING
09:58:16,19.92,36.59,499,319,4.43,13,27.27,47.46,460,464,0.36,31,23.39,50.9,544,PAUSED
09:59:16,27.28,43.09,433,400,1.3,5,25.43,52.0,569,187,4.68,35,20.21,59.34,599,PRINTING
10:00:16,20.08,57.44,450,304,4.24,17,20.85,44.77,563,50,1.13,7,27.15,54.91,381,IDLE
10:01:16,26.62,31.51,408,34,0.63,40,24.07,44.82,473,100,4.87,11,27.54,37.74,519,PRINTING
10:02:16,24.26,45.13,598,170,3.18,3,25.3,34.63,441,22,1.6,24,25.46,35.7,408,ERROR
10:03:16,25.69,58.34,476,108,4.25,7,19.03,37.6,410,311,4.47,20,26.93,42.43,418,PAUSED
10:04:16,23.31,32.78,461,27,2.18,13,26.53,48.84,474,65,0.93,14,24.3,49.58,420,IDLE
10:05:16,24.47,33.15,558,149,4.04,31,21.74,58.65,425,434,2.32,40,25.77,33.32,596,ERROR
10:06:16,27.67,59.82,507,366,1.92,39,27.38,39.19,525,10,4.25,33,26.7,45.92,486,IDLE
10:07:16,24.18,57.49,403,92,1.49,3,20.7,53.46,445,71,4.74,10,26.86,47.19,418,PAUSED
10:08:16,18.1,57.34,559,481,4.58,46,20.45,48.64,415,125,4.79,14,20.83,49.13,397,PAUSED
10:09:16,24.85,59.32,503,372,2.74,33,27.62,49.12,488,156,4.63,44,21.91,48.83,454,IDLE
10:10:16,24.47,37.59,503,291,4.23,17,19.28,58.19,385,455,4.1,34,26.28,54.15,493,ERROR
10:11:16,22.62,38.73,403,46,4.96,0,,,,,,,24.21,43.08,472,PAUSED
10:12:16,20.4,56.18,545,484,3.92,32,22.28,39.9,592,433,1.55,44,21.17,52.19,488,PRINTING
10:13:16,21.26,44.92,586,94,1.25,25,21.01,40.39,416,132,0.56,18,26.8,34.43,566,IDLE
10:14:16,25.6,57.28,394,331,1.46,14,22.55,35.08,385,235,2.98,36,24.14,56.46,587,PAUSED
10:15:16,21.85,56.13,454,160,0.22,44,18.88,52.16,424,74,2.66,13,20.17,49.45,410,PRINTING
10:16:16,19.56,39.37,539,9,3.02,31,25.76,43.89,599,131,2.12,28,19.44,53.11,600,PAUSED
10:17:16,18.7,58.89,422,250,3.52,47,23.62,43.1,534,240,1.71,31,18.95,52.89,588,IDLE
10:18:16,23.25,34.66,588,179,2.92,38,18.1,40.29,456,497,3.07,37,24.07,31.08,578,IDLE
10:19:16,20.89,43.27,547,150,3.72,43,19.65,37.84,404,112,2.14,29,18.84,50.46,504,PRINTING
10:20:16,19.62,30.17,430,482,3.35,37,26.1,52.35,553,283,4.9,4,22.29,54.48,455,PRINTING
10:21:16,20.06,37.18,519,104,0.62,18,21.55,58.42,503,160,3.45,9,25.77,50.88,574,ERROR
10:22:16,23.94,41.82,393,122,2.45,4,23.78,41.84,486,79,3.96,31,27.0,50.06,387,PAUSED
10:23:16,19.86,59.94,476,478,1.0,40,23.11,47.31,427,133,3.83,29,18.96,55.9,576,IDLE
10:24:16,18.06,33.47,431,375,2.15,47,27.87,39.28,384,220,0.92,23,21.58,49.43,534,ERROR
10:25:16,18.12,55.86,547,184,0.48,0,19.22,59.43,490,437,4.19,25,22.18,60.0,384,PRINTING
10:26:16,25.06,38.13,587,384,4.96,16,20.8,46.11,424,65,2.44,9,25.79,49.57,403,PRINTING
10:27:16,18.22,34.1,404,379,3.21,6,21.02,47.32,417,413,3.71,22,22.6,38.8,448,IDLE
10:28:16,23.82,58.87,564,405,0.84,37,21.92,56.46,538,263,0.2,25,22.99,40.42,470,ERROR
10:29:16,24.99,38.15,517,411,3.56,35,,,,,,,25.23,58.89,503,IDLE
10:30:16,21.48,55.06,422,267,4.79,11,22.18,49.19,432,5,4.82,13,21.66,34.86,446,ERROR
10:31:16,20.96,52.97,457,440,1.23,38,21.92,57.15,460,162,2.63,13,23.16,32.87,583,ERROR
10:32:16,18.96,55.0,488,399,1.37,43,27.8,44.74,564,243,4.45,4,21.97,31.03,438,PAUSED
10:33:16,23.82,54.82,402,263,0.86,2,19.68,41.31,521,366,3.08,19,23.87,57.94,589,PAUSED
10:34:16,21.51,38.84,508,193,1.95,9,18.66,56.83,442,65,1.88,5,27.63,59.43,422,IDLE
10:35:16,22.97,40.11,386,184,4.04,41,,,,,,,21.38,51.0,541,PRINTING
10:36:16,19.67,54.31,454,143,3.76,0,27.56,43.7,393,226,1.85,42,18.6,45.63,551,ERROR
10:37:16,,,,,,,18.49,36.43,428,80,0.12,27,18.07,33.72,583,IDLE
10:38:16,19.71,33.7,402,365,0.01,15,25.75,41.25,524,443,4.7,28,25.74,33.31,420,IDLE
10:39:16,22.68,55.0,445,314,2.58,17,21.78,43.21,462,39,0.28,8,21.43,50.36,487,PAUSED
10:40:16,21.5,37.69,537,288,1.77,30,22.08,53.96,406,126,4.32,26,23.7,42.47,497,ERROR
10:41:16,18.15,47.06,469,24,1.85,5,27.32,52.68,526,438,2.96,5,21.61,36.85,531,PAUSED
10:42:16,20.1,48.46,579,38,0.35,0,19.07,38.67,437,248,2.38,41,20.04,49.11,412,PRINTING
10:43:16,19.1,47.45,553,401,0.66,15,25.12,44.8,472,345,2.2,22,23.44,48.11,424,PAUSED
10:44:16,27.32,46.65,518,297,1.78,19,,,,,,,,,,ERROR
10:45:16,21.62,33.85,600,412,4.34,25,23.83,46.79,495,56,0.8,42,20.38,36.05,475,IDLE
10:46:16,18.66,58.3,422,376,0.18,18,21.99,46.65,471,400,2.27,15,27.1,47.07,502,ERROR
10:47:16,23.82,35.51,592,448,4.48,36,21.65,51.43,476,248,4.24,30,21.44,34.78,394,PAUSED
10:48:16,20.33,33.18,574,389,4.7,50,23.3,49.6,474,274,1.24,10,21.8,41.04,600,PAUSED
10:49:16,26.78,35.74,586,19,1.99,18,18.82,41.89,431,453,4.46,30,27.09,33.84,403,ERROR
10:50:16,24.0,59.79,467,489,1.6,39,20.82,48.01,419,42,4.35,4,21.67,47.17,485,IDLE
10:51:16,27.26,53.88,429,429,3.07,10,27.51,54.82,546,473,3.1,11,,,,PAUSED
10:52:16,18.03,33.68,479,223,0.85,6,23.58,56.83,410,364,2.0,9,20.36,50.83,554,IDLE
10:53:16,20.56,46.91,597,491,0.02,15,26.21,44.43,548,457,1.88,7,24.63,51.56,531,IDLE
10:54:16,25.37,53.09,434,454,3.33,44,23.18,33.25,466,153,2.36,16,19.41,47.9,393,ERROR
10:55:16,24.84,47.12,402,175,1.2,34,21.67,42.28,402,249,4.41,24,27.64,54.84,522,PAUSED
10:56:16,20.79,54.05,526,145,0.88,20,21.84,44.62,595,480,4.97,24,23.17,44.87,404,IDLE
10:57:16,27.36,32.84,387,417,4.35,44,19.24,43.94,571,97,1.64,27,27.06,47.65,600,ERROR
10:58:16,22.51,46.18,486,71,0.43,27,23.52,47.4,430,378,1.13,23,,,,ERROR
10:59:16,19.06,57.15,511,324,1.73,43,18.11,31.77,483,491,2.23,31,19.52,30.28,580,PRINTING
11:00:16,18.52,38.68,557,283,0.83,14,18.78,48.83,556,480,3.29,45,22.7,44.68,445,PAUSED
11:01:16,25.3,51.02,394,241,4.9,34,24.57,53.23,522,499,1.18,36,25.51,51.17,521,ERROR
11:02:16,26.75,53.07,580,305,3.06,44,22.31,50.44,457,186,1.9,40,23.89,44.52,491,PAUSED
11:03:16,18.41,41.93,493,296,2.74,48,22.27,58.78,484,78,2.18,1,24.6,30.31,452,PRINTING
11:04:16,19.8,47.1,459,268,4.58,37,24.43,57.34,510,247,4.68,4,23.48,57.9,437,IDLE
11:05:16,25.67,46.27,443,475,4.48,13,22.95,56.74,404,319,2.63,36,22.89,37.76,561,PAUSED
11:06:16,20.02,37.77,448,417,4.12,47,19.48,54.95,499,442,3.87,50,,,,PRINTING
11:07:16,22.71,43.07,491,161,4.58,6,20.04,59.69,528,478,3.67,18,23.26,59.45,398,IDLE
11:08:16,25.22,55.12,398,402,3.43,15,21.58,37.72,547,192,0.84,47,22.61,52.99,442,PRINTING
11:09:16,25.6,44.88,388,32,0.82,26,,,,,,,19.13,33.06,495,PAUSED
11:10:16,19.11,57.14,542,496,0.25,43,27.97,47.64,514,409,3.68,12,19.33,58.04,394,PAUSED
11:11:16,22.03,56.54,588,10,1.29,46,25.34,31.49,396,255,3.88,22,22.55,40.83,445,PAUSED
11:12:16,27.49,58.61,466,341,3.99,18,19.85,55.22,401,223,4.84,44,18.47,58.92,550,IDLE
11:13:16,18.61,38.97,423,468,4.76,5,24.68,30.66,522,137,4.22,4,,,,PRINTING
11:14:16,22.7,37.52,397,264,4.81,50,25.13,46.84,567,323,0.28,3,24.65,35.53,522,PAUSED
11:15:16,24.11,57.35,482,236,4.53,23,26.43,40.55,494,245,4.83,3,24.66,49.07,580,ERROR
11:16:16,19.34,31.98,572,66,1.36,31,27.66,50.68,463,439,1.76,22,24.09,57.16,564,PRINTING
11:17:16,25.44,59.62,467,11,1.52,41,27.94,44.6,493,307,0.39,44,24.52,33.68,470,IDLE
11:18:16,23.06,34.16,469,200,3.86,18,26.24,49.95,396,193,4.37,26,23.13,36.61,481,IDLE
11:19:16,24.2,54.61,595,317,3.73,26,21.38,42.55,587,263,1.93,20,19.95,36.04,581,ERROR
11:20:16,24.83,59.28,392,184,4.53,20,22.87,54.59,501,15,4.2,2,27.98,42.95,483,PAUSED
11:21:16,21.58,52.39,472,493,4.2,36,22.6,37.88,517,478,3.61,29,25.42,31.63,547,ERROR
11:22:16,26.04,57.66,402,229,3.57,9,23.67,45.54,588,225,0.31,47,22.18,37.69,548,ERROR
11:23:16,19.32,31.19,504,25,1.03,16,24.91,34.57,432,382,1.69,5,25.54,42.86,563,PRINTING
11:24:16,18.1,33.2,519,499,4.34,26,19.1,43.11,517,212,1.04,21,20.02,59.76,535,PRINTING
11:25:16,24.11,53.26,556,439,3.51,15,21.68,54.65,380,13,0.53,2,27.84,36.69,536,IDLE
11:26:16,21.02,58.38,425,110,2.68,13,23.6,36.72,433,407,2.85,31,20.86,38.3,449,IDLE
11:27:16,26.41,43.97,467,309,1.35,6,18.19,58.28,427,334,2.28,12,23.0,48.26,507,PRINTING
11:28:16,18.63,44.43,596,159,4.63,25,26.36,58.61,567,422,1.83,10,22.61,33.54,524,IDLE
11:29:16,25.57,35.41,572,102,4.86,11,,,,,,,19.4,55.73,391,IDLE
11:30:16,27.31,57.34,524,271,0.57,15,24.68,33.41,467,125,1.81,45,25.88,35.13,387,PAUSED
11:31:16,27.07,45.8,552,30,3.5,15,24.55,39.1,562,80,4.94,18,21.13,53.25,587,IDLE
11:32:16,27.13,39.09,592,189,4.25,17,18.14,42.88,451,437,3.82,27,18.91,49.94,470,IDLE
11:33:16,20.37,31.03,484,251,3.74,37,,,,,,,18.57,37.03,395,PRINTING
11:34:16,21.86,44.19,549,324,2.73,21,27.09,47.57,599,385,1.46,30,26.88,47.72,576,ERROR
11:35:16,27.32,44.08,492,79,2.62,43,23.56,51.74,429,457,1.11,1,18.12,30.94,418,IDLE
11:36:16,19.64,43.04,529,261,3.16,4,,,,,,,23.01,50.73,515,IDLE
11:37:16,18.5,40.76,397,346,0.6,32,23.91,50.8,431,288,1.25,3,19.55,44.15,548,PRINTING
11:38:16,20.66,32.07,394,199,3.25,18,22.01,31.53,576,498,2.42,6,21.16,55.51,463,PAUSED
11:39:16,,,,,,,23.09,45.75,539,144,4.55,13,27.31,57.02,384,ERROR
11:40:16,23.29,54.1,564,251,4.1,38,21.57,36.66,576,403,3.34,7,21.37,58.93,535,ERROR
11:41:16,24.53,56.53,411,438,4.78,20,19.97,51.47,564,492,4.45,30,24.97,31.95,386,ERROR
11:42:16,21.27,56.78,568,229,2.43,13,,,,,,,20.11,34.97,572,ERROR
11:43:16,20.75,30.42,529,340,0.53,5,26.96,33.79,591,169,1.9,13,18.24,53.7,398,PAUSED
11:44:16,20.72,32.71,455,307,3.49,49,20.2,36.78,538,228,2.27,26,19.94,50.75,399,PRINTING
11:45:16,20.65,47.62,415,339,1.93,46,23.7,31.74,445,24,3.67,4,27.78,48.37,496,IDLE
11:46:16,25.06,49.83,393,241,1.06,32,,,,,,,26.34,52.94,415,IDLE
11:47:16,20.59,53.23,463,469,3.18,17,18.97,38.28,449,348,2.49,2,27.2,50.07,404,ERROR
11:48:16,,,,,,,26.67,55.44,471,418,1.28,12,25.93,31.97,410,PRINTING
11:49:16,25.91,43.34,397,470,4.16,9,18.35,56.65,563,351,1.52,10,19.3,52.49,589,PRINTING
11:50:16,22.37,54.17,441,386,2.01,33,27.05,36.38,526,135,0.39,37,27.73,36.76,590,IDLE
11:51:16,22.66,35.45,588,25,3.45,48,19.53,59.45,568,41,4.99,31,27.95,55.74,462,PRINTING
11:52:16,,,,,,,25.74,51.47,492,166,3.51,3,25.51,38.4,521,IDLE
11:53:16,27.11,54.85,511,235,0.07,16,27.76,39.85,534,495,4.8,25,18.84,36.08,584,ERROR
11:54:16,22.61,56.06,495,26,3.72,20,25.81,48.95,405,418,0.09,41,25.68,55.75,599,PRINTING
11:55:16,18.45,59.06,521,393,0.91,13,26.64,39.51,521,461,4.2,36,24.82,58.56,520,PRINTING
11:56:16,19.14,35.94,472,219,2.17,3,25.6,55.25,389,179,2.04,8,25.74,52.89,471,PRINTING
11:57:16,22.63,35.15,598,271,2.13,21,20.82,41.77,471,311,4.64,23,21.55,46.02,419,IDLE
11:58:16,21.8,47.09,426,266,2.77,48,27.19,30.55,402,450,1.85,1,18.6,50.54,451,ERROR
11:59:16,19.41,51.97,547,351,0.96,31,,,,,,,27.2,30.89,600,IDLE
12:00:16,27.69,30.27,532,434,2.33,9,23.21,54.01,398,87,2.83,24,20.7,34.58,420,ERROR
12:01:16,21.9,47.15,437,82,2.52,20,,,,,,,27.32,44.95,522,PRINTING
12:02:16,23.85,46.44,498,162,2.28,10,20.42,40.69,552,473,2.85,35,22.96,48.86,434,PAUSED
12:03:16,19.54,33.8,436,155,4.78,33,25.94,34.05,491,456,1.19,47,20.23,48.12,564,PRINTING
12:04:16,,,,,,,26.26,36.99,493,187,1.26,6,27.94,38.3,591,PRINTING
12:05:16,19.01,45.75,528,73,2.49,11,26.4,47.91,457,431,2.12,50,22.59,57.91,529,PAUSED
12:06:16,24.85,37.08,550,254,2.68,19,20.71,55.4,558,74,3.38,25,20.86,33.21,455,PRINTING
12:07:16,22.89,42.46,592,408,0.41,29,26.11,43.81,475,99,4.35,30,27.52,37.78,466,PAUSED
12:08:17,26.3,54.89,411,439,1.23,24,27.14,40.68,449,127,3.66,9,24.5,36.79,422,PRINTING
12:09:17,20.86,59.58,533,48,4.45,3,22.44,52.03,514,440,3.59,26,21.81,57.66,516,PAUSED
12:10:17,23.8,54.44,385,77,1.33,45,19.12,44.19,483,335,3.09,17,26.01,59.05,450,PAUSED
12:11:17,22.08,49.11,555,479,3.35,0,18.12,38.7,407,279,1.27,39,25.15,33.87,534,PAUSED
12:12:17,27.82,48.98,509,48,2.69,23,24.84,50.86,437,314,0.76,5,25.7,31.69,428,PAUSED
12:13:17,23.61,30.29,430,302,3.41,18,25.89,48.81,586,29,1.27,17,25.84,46.98,411,IDLE
12:14:17,23.05,36.36,430,460,2.21,9,21.83,52.33,474,249,1.94,13,19.83,36.59,573,PRINTING
12:15:17,23.49,34.58,391,82,0.13,47,22.72,40.18,587,192,1.86,25,23.08,54.94,573,ERROR
12:16:17,19.68,58.18,385,174,0.88,23,20.7,52.7,423,241,1.06,32,18.42,38.15,439,PAUSED
12:17:17,23.59,32.31,518,386,4.56,32,25.5,49.76,477,255,0.72,17,24.24,32.23,541,PAUSED
12:18:17,21.36,41.84,405,306,1.22,2,23.65,58.7,570,348,2.95,50,19.62,31.97,421,PAUSED
12:19:17,27.23,31.54,430,478,0.15,13,22.89,59.64,573,266,4.74,20,20.68,40.81,571,ERROR
12:20:17,27.02,39.5,407,394,2.74,31,19.81,36.77,534,223,4.61,45,20.71,52.9,597,PAUSED
12:21:17,25.21,53.45,531,468,1.99,7,23.79,43.92,510,446,2.22,7,19.06,50.07,398,PAUSED
12:22:17,,,,,,,18.63,49.45,437,256,4.09,3,26.49,52.02,572,PRINTING
12:23:17,26.12,51.84,439,328,2.5,47,19.89,51.83,492,454,2.35,24,27.73,34.94,471,PAUSED
12:24:17,18.55,44.55,517,468,2.06,46,24.53,40.0,424,33,2.48,4,21.68,33.51,442,ERROR
12:25:17,27.54,58.43,523,154,1.57,0,18.45,44.73,598,484,3.71,17,18.35,57.09,484,PAUSED
12:26:17,27.24,57.75,574,467,4.23,28,24.62,37.82,404,172,2.15,12,21.83,59.93,434,PAUSED
12:27:17,22.18,38.35,473,218,4.25,21,25.27,49.82,407,399,0.8,36,22.54,44.97,574,IDLE
12:28:17,20.52,56.21,407,309,0.07,43,25.58,52.43,495,459,2.8,48,27.41,50.83,566,PRINTING
12:29:17,22.4,57.52,399,151,3.07,0,24.72,52.5,574,202,1.2,39,22.51,37.21,411,IDLE
12:30:17,21.65,51.04,569,376,0.87,16,25.29,30.38,480,45,4.77,27,20.47,53.97,476,IDLE
12:31:17,20.45,31.67,387,138,4.55,31,22.49,52.64,551,212,0.26,11,,,,PAUSED
12:32:17,23.23,36.44,500,146,2.75,15,20.45,36.57,543,2,4.1,10,25.09,38.19,481,PAUSED
12:33:17,25.18,42.24,426,171,4.57,35,22.06,50.62,585,136,4.99,11,20.82,31.5,384,PRINTING
12:34:17,18.3,51.91,499,64,3.9,6,21.46,34.91,464,112,1.23,9,20.62,58.12,599,IDLE
12:35:17,19.46,53.44,412,20,1.63,14,19.94,44.83,514,247,4.01,34,18.96,35.86,477,PRINTING
12:36:17,22.03,33.25,556,256,1.88,20,27.61,51.91,518,131,3.39,45,,,,ERROR
12:37:17,23.49,31.55,585,153,0.73,50,25.16,51.44,597,493,3.01,40,27.36,49.46,478,IDLE
12:38:17,22.37,40.99,482,365,4.8,39,24.82,49.94,550,264,1.93,28,27.29,53.84,531,ERROR
12:39:17,18.68,45.32,420,29,3.75,48,23.92,33.01,387,37,2.39,50,,,,IDLE
12:40:17,25.12,32.64,385,418,0.4,5,25.38,55.33,555,243,3.01,18,18.18,46.15,482,IDLE
12:41:17,19.31,44.7,481,168,3.78,15,26.49,47.28,599,285,3.24,47,27.53,57.36,470,IDLE
12:42:17,22.3,44.94,543,327,2.16,27,23.98,38.6,434,151,3.47,23,22.26,55.19,537,ERROR
12:43:17,19.06,46.58,545,120,3.45,26,18.42,58.0,556,284,4.58,24,25.08,37.57,561,ERROR
12:44:17,21.15,33.81,461,118,3.23,33,20.32,41.62,537,420,1.43,42,24.85,51.08,575,PAUSED
12:45:17,25.88,35.05,521,383,1.74,0,,,,,,,20.08,41.5,434,PAUSED
12:46:17,25.15,32.12,488,157,2.68,40,27.81,40.42,526,403,2.64,14,26.78,34.58,391,PAUSED
12:47:17,19.54,50.3,573,121,3.54,33,19.65,41.1,476,453,1.0,4,25.92,56.75,522,PAUSED
12:48:17,23.68,30.41,592,263,3.41,10,27.63,30.27,399,323,0.55,2,21.85,49.09,428,PRINTING
12:49:17,20.7,36.15,578,245,0.26,39,27.44,59.55,408,371,3.99,27,19.9,42.4,402,ERROR
12:50:17,20.7,44.58,592,259,0.08,41,,,,,,,22.87,45.29,540,ERROR
12:51:17,22.76,56.87,561,405,4.54,24,20.42,51.95,581,140,0.44,26,27.96,37.7,588,IDLE
12:52:17,22.75,31.29,493,117,0.23,39,20.98,56.63,420,309,4.4,18,22.34,32.48,453,ERROR
12:53:17,21.73,55.72,446,128,2.14,47,27.26,43.1,513,141,3.83,2,26.72,58.55,553,PRINTING
12:54:17,18.29,34.28,464,214,3.47,6,27.53,40.06,561,12,0.08,43,,,,ERROR
12:55:17,24.98,33.22,457,168,0.32,50,22.76,47.19,495,110,2.32,23,23.58,52.17,484,PRINTING
12:56:17,19.05,33.26,535,465,0.37,48,27.4,48.44,425,51,1.08,25,21.04,55.01,465,IDLE
12:57:17,19.0,41.27,464,489,4.39,47,21.32,53.31,563,479,0.78,6,21.94,37.44,506,PAUSED
12:58:17,18.34,57.55,474,111,3.8,40,18.84,35.71,455,445,4.58,31,18.57,47.43,497,ERROR
12:59:17,18.01,54.65,462,106,0.82,28,25.24,33.07,576,129,4.86,13,19.59,35.08,389,PRINTING
13:00:17,20.76,30.11,409,71,0.42,15,24.91,48.57,472,326,4.54,10,21.44,52.74,448,PRINTING
13:01:17,,,,,,,24.21,32.58,484,193,4.15,11,20.77,36.53,414,PRINTING
13:02:17,18.07,35.85,433,311,3.74,35,25.25,30.55,565,455,0.45,30,26.26,43.93,409,ERROR
13:03:17,25.08,58.96,538,39,2.0,31,18.29,56.84,416,410,0.62,42,25.66,37.72,514,PRINTING
13:04:17,19.36,52.44,459,234,1.33,29,24.21,41.22,588,463,1.91,17,22.61,51.99,559,ERROR
13:05:17,26.34,38.0,486,386,2.85,12,19.55,48.69,450,498,0.76,30,22.34,58.25,482,PAUSED
13:06:17,21.62,43.46,591,41,0.54,22,18.64,54.17,393,154,2.22,22,21.66,30.93,503,PAUSED
13:07:17,27.62,51.2,480,195,3.6,23,20.98,47.19,581,41,1.84,24,27.61,45.9,397,IDLE
13:08:17,25.59,50.51,592,194,0.58,13,21.59,59.32,600,24,3.46,18,23.97,39.38,562,PAUSED
13:09:17,25.06,50.32,389,144,3.23,35,21.29,50.11,484,357,1.56,7,27.16,37.81,535,IDLE
13:10:17,26.64,30.17,520,123,4.6,35,19.69,43.32,548,398,2.11,27,19.94,52.0,486,PRINTING
13:11:17,,,,,,,26.63,34.33,426,452,1.38,17,19.35,53.43,459,IDLE
13:12:17,25.32,45.83,400,197,3.74,32,23.15,30.1,569,143,4.73,49,24.37,30.22,458,PAUSED
13:13:17,24.31,38.75,525,77,0.05,15,27.67,50.66,405,175,3.23,23,20.69,41.18,388,PRINTING
13:14:17,25.73,49.65,521,188,3.05,42,19.73,32.48,474,54,1.24,40,18.82,54.15,425,ERROR
13:15:17,24.05,42.93,521,158,3.67,0,26.34,34.77,559,293,1.97,28,26.15,57.34,594,PRINTING
13:16:17,,,,,,,20.48,53.53,509,216,4.47,34,22.51,50.68,597,ERROR
13:17:17,26.37,51.4,381,66,3.49,34,25.42,58.92,496,90,3.6,48,19.32,35.3,541,PAUSED
13:18:17,21.04,50.85,496,110,3.14,17,18.11,37.82,480,85,3.34,22,,,,IDLE
13:19:17,24.42,52.52,426,491,0.61,41,25.47,58.75,563,23,0.73,40,24.0,54.58,483,PAUSED
13:20:17,27.7,31.28,400,396,3.02,15,24.42,35.69,583,116,2.5,42,27.08,50.6,444,PRINTING
13:21:17,27.27,41.0,482,200,2.51,34,25.98,55.7,418,294,2.66,28,24.67,47.19,435,ERROR
13:22:17,20.71,51.81,594,446,2.88,43,23.3,46.32,455,247,1.11,27,22.35,34.54,483,PRINTING
13:23:17,21.98,35.34,541,308,3.17,15,22.0,47.76,501,403,1.26,14,26.26,54.67,571,ERROR
13:24:17,19.98,58.85,380,411,2.66,14,22.27,35.87,406,127,1.74,35,24.92,55.44,429,PAUSED
13:25:17,27.5,59.63,395,86,4.71,29,22.22,40.03,426,76,3.46,27,19.38,43.05,473,IDLE
13:26:17,20.8,37.59,380,398,1.05,17,,,,,,,18.84,35.71,428,ERROR
13:27:17,23.14,46.71,475,296,4.79,38,20.93,41.97,492,423,1.3,49,25.87,44.8,554,IDLE
13:28:17,22.56,41.9,553,481,1.25,42,22.67,47.06,534,167,2.98,39,18.92,38.38,569,ERROR
13:29:17,21.41,40.53,524,74,0.79,38,19.96,33.15,446,322,4.15,47,19.58,37.64,480,PRINTING
13:30:17,24.26,59.82,406,139,4.32,13,19.07,36.94,451,474,1.27,41,21.58,34.81,527,IDLE
13:31:17,21.15,59.29,421,401,1.12,23,22.07,45.79,496,478,0.97,34,19.94,47.45,570,ERROR
13:32:17,27.95,44.61,424,130,2.2,12,24.52,44.13,440,102,2.65,19,22.12,57.73,554,IDLE
13:33:17,20.84,30.48,465,28,1.9,42,21.58,32.37,568,407,1.04,9,21.64,48.62,387,ERROR
13:34:17,,,,,,,26.97,47.1,415,177,4.09,22,20.42,45.35,419,IDLE
13:35:17,23.71,41.04,527,30,0.37,47,18.06,42.83,474,54,0.24,42,27.43,53.37,521,PAUSED
13:36:17,20.49,32.4,562,345,4.79,16,25.99,32.13,505,155,4.52,2,24.9,52.84,466,IDLE
13:37:17,25.11,51.72,595,303,3.91,48,,,,,,,18.27,40.09,426,PAUSED
13:38:17,22.56,48.12,546,382,4.52,18,26.54,39.08,499,65,4.62,20,20.99,58.93,433,ERROR
13:39:17,20.81,38.7,569,115,4.39,15,20.28,57.94,449,221,4.55,14,22.71,43.52,445,ERROR
13:40:17,27.53,56.61,456,230,3.67,30,25.87,51.07,473,460,4.89,47,,,,PRINTING
13:41:17,,,,,,,22.22,33.85,437,57,0.41,11,18.95,33.53,482,ERROR
13:42:17,21.8,59.82,440,432,3.61,27,23.51,52.28,480,380,4.25,2,24.85,45.21,530,IDLE
13:43:17,18.93,48.66,419,377,2.16,19,21.37,32.3,600,37,1.57,11,21.58,33.38,423,ERROR
13:44:17,24.48,48.72,455,20,4.67,4,20.19,37.84,580,127,1.67,34,19.13,58.38,551,PRINTING
13:45:17,20.51,59.6,547,134,1.38,26,21.82,33.18,416,31,0.16,24,18.97,48.48,484,PAUSED
13:46:17,23.49,34.21,540,460,0.41,37,27.81,47.11,489,5,0.93,19,19.35,55.21,406,PAUSED
13:47:17,26.14,37.47,386,212,1.13,1,23.95,35.49,575,295,3.81,25,18.79,39.98,493,PRINTING
13:48:17,23.06,30.15,560,419,2.43,47,21.54,33.86,467,232,1.46,2,18.94,52.43,516,PAUSED
13:49:17,19.14,34.19,551,206,1.35,4,27.27,45.36,432,61,1.81,46,24.18,49.63,495,IDLE
13:50:17,25.3,35.4,435,350,1.55,15,18.63,48.59,567,340,1.45,48,20.38,48.99,589,IDLE
13:51:17,27.43,48.73,394,208,3.33,23,19.7,57.28,531,84,3.36,17,23.71,41.35,430,IDLE
13:52:17,27.83,44.29,486,91,0.36,0,,,,,,,18.85,36.11,577,ERROR
13:53:17,18.98,36.85,384,23,3.33,30,24.67,35.44,555,288,1.26,22,25.18,34.17,465,PRINTING
13:54:17,20.5,36.88,401,332,2.85,42,27.68,57.68,485,342,3.56,25,22.01,31.1,401,PAUSED
13:55:17,18.02,31.99,481,317,3.14,37,18.53,51.38,423,423,2.21,35,25.25,51.31,526,PRINTING
13:56:17,26.6,41.71,586,133,4.64,11,21.61,49.13,540,417,4.33,15,19.79,31.39,537,IDLE
13:57:17,24.62,59.14,531,354,0.08,42,27.54,58.55,414,441,3.7,30,27.41,49.24,526,ERROR
13:58:17,18.19,38.03,590,405,4.25,21,27.54,40.43,549,406,1.1,15,18.15,59.61,404,PRINTING
13:59:17,25.86,32.03,448,308,4.26,41,24.13,36.96,492,78,1.97,6,19.76,41.85,380,ERROR
14:00:17,26.87,47.29,524,381,0.49,10,20.9,39.96,517,142,2.54,16,23.96,30.41,496,PAUSED
14:01:17,27.98,36.29,434,395,4.11,12,22.64,47.63,517,30,3.46,27,19.78,55.48,552,PRINTING
14:02:17,26.66,36.22,413,238,0.38,30,27.24,32.34,570,341,2.67,9,18.33,46.23,500,ERROR
14:03:17,19.01,42.12,420,434,4.25,49,22.02,51.66,390,301,3.23,41,24.82,60.0,474,PAUSED
14:04:17,24.98,51.73,482,255,0.09,1,21.56,46.19,388,473,1.26,44,24.77,52.31,441,PRINTING
14:05:17,21.47,59.46,566,75,1.68,38,20.81,37.6,560,451,3.54,41,23.16,38.38,550,PAUSED
14:06:17,26.06,57.96,551,305,4.93,18,18.49,36.92,593,427,0.61,49,22.59,39.69,600,PAUSED
14:07:17,24.24,41.27,535,401,4.24,21,25.72,56.68,599,23,2.86,48,24.67,38.92,494,IDLE
14:08:17,19.23,36.62,476,109,1.56,41,18.12,46.6,460,180,3.8,47,27.89,57.96,519,PRINTING
14:09:17,24.85,54.83,398,26,1.2,16,27.96,39.76,522,217,1.07,17,24.79,30.97,455,ERROR
14:10:17,22.97,40.12,491,73,0.29,3,19.62,40.61,441,242,2.26,33,26.57,42.03,570,ERROR
14:11:17,18.25,56.02,595,364,0.99,10,22.14,49.88,528,221,2.82,21,23.71,48.46,390,PAUSED
14:12:17,26.69,35.44,442,19,1.38,44,20.07,56.88,460,190,1.72,47,20.75,52.2,500,ERROR
14:13:17,26.16,40.66,530,481,3.99,46,,,,,,,27.31,30.77,438,IDLE
14:14:17,24.44,33.6,588,499,4.1,35,26.62,36.26,445,456,1.52,15,22.5,31.23,505,ERROR
14:15:17,19.43,36.11,572,406,3.4,23,24.39,39.23,452,178,0.7,1,20.94,34.23,441,PAUSED
14:16:17,18.14,54.09,451,299,4.39,44,23.67,55.7,423,152,4.47,49,18.7,56.01,519,IDLE
14:17:17,22.51,39.45,428,330,4.86,17,24.19,43.78,392,431,2.94,24,21.78,53.0,504,IDLE
14:18:17,27.22,32.2,549,91,3.07,4,,,,,,,25.82,49.93,574,PAUSED
14:19:17,21.62,36.79,554,413,1.12,1,26.54,54.19,552,70,3.65,10,23.6,48.35,561,PAUSED
14:20:17,22.2,30.38,567,236,2.11,50,23.44,32.11,393,453,1.63,38,20.77,58.44,483,PAUSED
14:21:17,19.01,51.82,493,459,1.37,34,26.06,31.41,552,322,3.6,17,,,,PRINTING
14:22:17,22.82,31.84,458,250,3.76,27,26.24,53.62,422,180,0.07,37,25.98,45.29,584,PRINTING
14:23:17,20.44,55.65,524,71,4.0,22,21.94,39.86,529,497,0.88,7,26.78,30.33,430,IDLE
14:24:17,25.83,33.14,550,247,3.12,19,,,,,,,23.04,41.73,550,IDLE
14:25:17,27.97,55.37,543,137,3.85,0,,,,,,,,,,ERROR
14:26:17,25.67,59.56,380,216,0.11,7,18.43,38.19,548,470,0.88,25,20.21,57.87,596,ERROR
14:27:17,25.79,53.21,431,486,4.58,23,19.6,39.72,403,384,3.16,14,21.42,43.84,562,PAUSED
14:28:17,18.22,48.11,592,120,3.73,3,22.79,58.9,451,220,0.86,42,22.94,32.14,400,IDLE
14:29:17,18.78,59.19,541,167,1.24,40,23.88,39.21,522,387,0.74,13,23.87,53.35,383,PAUSED
14:30:17,24.83,37.5,569,270,1.87,17,23.06,57.85,456,39,4.14,6,18.7,50.2,466,IDLE
14:31:17,26.1,32.58,539,493,4.66,25,22.1,34.96,592,63,1.79,49,26.74,36.77,578,PRINTING
14:32:17,20.33,48.07,554,318,3.86,12,23.51,33.05,398,312,3.93,40,27.39,55.61,538,IDLE
14:33:17,24.39,33.08,440,477,0.41,9,,,,,,,24.5,43.52,435,PRINTING
14:34:17,19.03,52.18,380,403,0.64,37,20.44,31.1,419,235,1.72,40,24.39,57.3,561,IDLE
14:35:17,25.19,32.66,432,79,1.59,31,20.39,32.84,423,160,0.36,19,,,,PRINTING
14:36:17,22.6,58.52,419,447,3.15,19,22.33,48.28,547,366,4.63,47,20.36,34.34,485,PRINTING
14:37:17,25.21,53.18,385,320,0.56,18,19.88,47.17,513,344,4.06,38,27.82,35.55,382,IDLE
14:38:17,23.07,31.21,454,471,4.46,48,22.13,38.03,469,34,1.03,34,19.75,34.69,591,IDLE
14:39:17,18.55,54.36,500,137,1.92,49,21.75,55.18,504,391,4.67,23,24.05,55.92,438,ERROR
14:40:17,26.93,50.51,578,200,0.84,0,27.11,44.94,520,337,0.63,12,23.94,50.08,423,PRINTING
14:41:17,26.1,40.29,489,117,3.59,37,23.43,39.78,564,10,4.67,28,22.86,31.75,418,ERROR
14:42:17,25.59,42.4,427,407,1.31,7,27.65,53.51,458,204,2.63,38,20.53,49.53,453,ERROR
14:43:17,19.54,46.16,425,26,0.37,11,20.28,43.7,559,412,1.94,49,25.72,55.84,576,PRINTING
14:44:17,,,,,,,19.25,60.0,423,119,2.35,45,,,,IDLE
14:45:17,20.03,32.42,531,115,1.92,39,23.78,48.56,568,159,3.96,20,25.82,38.16,573,ERROR
14:46:17,22.34,53.49,518,317,3.78,8,22.84,56.76,478,223,0.1,13,21.69,52.77,495,ERROR
14:47:17,26.62,40.55,563,82,1.46,29,18.73,53.09,451,233,1.73,44,25.13,46.67,573,PAUSED
14:48:17,27.58,54.28,576,346,2.14,25,23.38,54.18,463,360,2.42,26,27.19,32.45,471,PRINTING
14:49:17,23.79,41.87,396,199,1.31,37,20.66,55.86,588,392,4.16,37,27.78,53.31,451,PAUSED
14:50:17,,,,,,,18.78,48.9,554,346,4.83,4,18.59,54.53,547,PRINTING
14:51:17,20.79,54.26,398,10,2.37,37,21.72,31.52,474,458,4.39,23,20.02,57.01,586,PAUSED
14:52:17,18.98,51.66,482,84,3.43,48,21.1,48.54,457,361,3.87,29,18.78,42.93,482,PAUSED
14:53:17,18.05,43.49,451,278,2.29,24,,,,,,,26.52,32.41,520,PRINTING
14:54:17,20.28,46.65,437,482,2.42,45,23.33,34.6,495,390,4.69,32,26.95,46.84,550,ERROR
14:55:17,19.79,49.75,575,455,4.3,31,20.46,33.76,587,128,3.78,41,22.68,42.79,559,IDLE
14:56:17,23.05,48.89,434,322,2.69,26,27.41,48.9,381,108,3.81,46,20.77,41.71,446,ERROR
14:57:17,20.03,49.33,425,337,2.91,0,18.96,36.88,577,97,5.0,19,21.68,48.1,447,ERROR
14:58:17,19.59,57.09,558,499,3.73,23,24.98,48.98,511,63,2.36,39,25.46,53.57,546,IDLE
14:59:17,23.64,42.95,551,356,2.57,23,26.12,49.05,527,276,4.22,2,22.9,32.52,566,IDLE
15:00:17,19.51,46.89,432,104,0.91,41,,,,,,,26.01,44.8,520,PAUSED
15:01:17,25.72,40.32,428,103,4.09,17,19.97,54.64,439,275,0.23,22,21.63,51.57,563,IDLE
15:02:17,19.07,57.92,429,454,2.34,31,26.15,32.74,536,189,3.71,10,21.79,38.03,403,ERROR
15:03:17,27.67,36.9,498,52,0.41,16,27.74,46.28,569,128,0.59,48,21.78,57.44,489,IDLE
15:04:17,26.52,45.9,427,428,3.58,35,26.59,30.95,518,499,4.14,25,23.68,37.12,514,ERROR
15:05:17,24.58,54.21,541,286,4.46,0,22.3,34.4,469,225,4.59,8,20.82,46.32,498,IDLE
15:06:17,21.69,35.24,499,383,0.8,17,24.9,34.57,526,309,4.98,13,24.12,32.82,517,PRINTING
15:07:17,23.65,35.97,381,113,3.93,25,24.92,53.84,391,149,2.4,26,25.63,41.96,425,ERROR
15:08:17,,,,,,,21.63,45.15,562,76,4.86,37,27.22,37.3,504,PAUSED
15:09:17,20.97,58.6,486,441,2.64,13,18.29,40.63,548,464,0.8,23,27.72,51.1,432,ERROR
15:10:17,27.87,46.12,452,255,4.58,3,25.09,39.98,426,176,0.82,35,18.6,58.28,434,PAUSED
15:11:17,27.67,33.29,445,428,0.36,32,25.23,44.32,523,407,3.59,10,26.97,35.42,489,IDLE
15:12:17,19.33,56.45,507,437,2.31,40,23.14,35.11,529,171,1.19,30,18.92,41.13,525,ERROR
15:13:17,27.32,48.65,506,473,0.67,40,23.66,52.93,502,92,0.89,33,19.34,49.13,435,ERROR
15:14:17,22.93,56.11,442,133,4.94,33,24.79,47.18,413,165,2.39,12,27.28,37.56,423,ERROR
15:15:17,20.66,39.97,443,131,3.3,35,26.35,49.55,464,334,4.01,8,19.33,58.72,544,PRINTING
15:16:17,22.95,37.91,490,304,0.97,48,24.35,59.5,547,221,4.06,50,20.7,48.06,534,PRINTING
15:17:17,21.63,31.21,508,419,2.51,29,27.12,42.87,591,244,4.49,19,26.03,51.42,468,PRINTING
15:18:17,18.36,47.18,419,101,4.63,50,21.8,58.63,537,204,1.68,6,20.82,42.19,478,ERROR
15:19:17,18.44,35.17,477,241,0.15,18,23.94,58.47,536,147,2.47,18,26.05,48.95,494,PAUSED
15:20:17,19.89,58.43,503,499,0.71,17,18.61,39.25,440,198,1.97,13,18.12,43.51,562,ERROR
15:21:17,22.59,49.1,553,292,2.19,19,,,,,,,21.3,42.99,476,PRINTING
15:22:17,25.16,39.56,447,11,2.42,29,27.69,38.71,550,300,1.04,16,,,,ERROR
15:23:17,24.36,30.28,390,220,2.3,49,26.48,49.2,475,307,1.82,39,19.16,48.2,563,ERROR
15:24:17,26.69,52.36,574,107,0.66,14,25.84,38.57,457,28,0.48,36,21.83,32.3,569,PRINTING
15:25:17,23.21,49.87,388,283,1.58,9,20.52,52.27,557,474,1.29,14,25.77,30.97,506,PRINTING
15:26:17,,,,,,,20.91,44.92,573,457,1.44,31,27.77,44.37,402,PRINTING
15:27:17,18.98,55.18,402,220,2.0,50,23.95,55.61,530,108,1.33,6,27.17,57.77,444,IDLE
15:28:17,19.67,54.88,445,89,0.84,0,23.82,39.65,538,201,1.53,39,20.7,38.69,560,ERROR
15:29:17,25.49,44.32,559,191,4.71,14,22.41,59.51,408,92,1.96,49,27.58,32.77,505,PRINTING
15:30:17,27.34,33.8,487,322,0.31,22,22.01,55.11,474,97,3.26,44,23.27,39.48,560,IDLE
15:31:17,18.48,40.46,538,62,4.87,50,19.83,32.67,445,326,1.11,10,21.74,44.26,473,PRINTING
15:32:17,21.79,56.07,517,346,0.87,27,27.0,40.49,454,140,4.26,31,21.57,57.98,445,PAUSED
15:33:17,25.15,35.54,508,471,3.62,29,20.66,36.67,581,89,1.07,26,20.0,59.82,572,IDLE
15:34:17,19.85,57.4,583,68,3.41,5,25.53,39.87,530,361,3.26,40,25.53,43.08,469,PAUSED
15:35:17,24.5,30.93,450,196,4.38,28,21.92,56.05,414,1,2.87,6,21.13,58.88,404,PAUSED
15:36:17,21.71,43.07,401,203,2.68,34,18.61,45.43,511,60,4.37,14,26.4,51.53,518,ERROR
15:37:17,20.43,39.34,596,57,2.47,49,24.78,30.83,398,300,0.66,19,23.89,44.58,421,ERROR
15:38:17,25.87,37.6,437,97,3.33,46,25.12,30.09,422,342,0.97,12,18.01,30.02,424,ERROR
15:39:17,26.77,44.52,389,192,4.65,20,20.05,33.6,381,255,2.77,35,19.66,33.68,458,ERROR
15:40:17,26.54,48.97,411,451,1.65,27,27.11,43.02,457,30,4.11,6,,,,PAUSED
15:41:17,25.27,49.53,465,91,0.52,46,27.23,35.23,595,310,3.81,48,18.97,31.48,427,PAUSED
15:42:17,23.26,39.57,403,104,3.33,33,20.87,43.79,524,486,1.25,30,20.19,49.79,420,ERROR
15:43:17,26.18,58.47,460,258,1.64,44,18.41,48.63,429,420,2.89,39,27.08,42.37,495,ERROR
15:44:17,22.18,54.63,442,495,2.32,0,,,,,,,20.69,38.35,552,PRINTING
15:45:17,20.31,40.22,555,126,2.36,49,27.31,37.32,578,238,3.28,3,18.14,33.31,425,ERROR
15:46:17,19.82,40.03,446,164,0.79,34,26.36,45.83,574,271,4.79,1,21.34,57.7,397,IDLE
15:47:17,25.51,55.76,452,127,3.63,7,,,,,,,20.29,48.52,585,ERROR
15:48:17,18.32,44.24,389,412,1.47,14,18.46,44.86,394,352,0.11,39,22.37,51.13,498,PAUSED
15:49:17,24.14,45.23,551,379,3.63,7,23.67,33.05,468,123,2.39,36,19.67,33.89,384,PRINTING
15:50:18,18.71,41.56,444,327,1.44,19,21.89,55.79,442,52,4.71,9,27.73,56.97,416,IDLE
15:51:18,19.52,49.13,390,272,2.05,14,22.52,35.7,433,458,4.68,1,22.94,36.56,598,ERROR
15:52:18,27.14,53.88,483,201,3.16,21,19.84,49.36,530,490,3.58,40,18.72,49.39,446,IDLE
15:53:18,21.59,57.11,458,226,4.44,17,24.01,59.47,500,319,0.19,50,20.77,50.12,590,PAUSED
15:54:18,18.48,43.0,434,3,4.99,7,26.0,37.99,446,177,0.98,5,22.56,32.8,447,PRINTING
15:55:18,18.07,40.16,455,170,1.32,27,18.91,45.16,382,388,3.82,47,19.4,35.18,583,ERROR
15:56:18,,,,,,,21.39,47.74,591,131,2.11,21,22.29,30.09,568,PAUSED
15:57:18,27.32,55.52,521,251,0.19,15,18.9,52.34,435,150,2.36,46,22.47,54.45,513,IDLE
15:58:18,19.15,38.15,547,298,1.33,4,21.29,37.96,408,442,0.88,44,25.32,30.71,492,PAUSED
15:59:18,26.25,30.97,467,446,2.58,2,22.6,53.92,392,87,0.29,36,21.19,52.72,411,PRINTING
16:00:18,24.02,35.73,538,101,2.55,1,,,,,,,20.05,44.71,415,ERROR
16:01:18,21.1,32.9,468,15,4.79,23,22.45,46.4,400,385,4.18,37,26.86,36.91,422,ERROR
16:02:18,18.6,50.8,401,489,2.57,32,25.97,47.63,596,87,2.24,30,27.92,36.47,532,PAUSED
16:03:18,23.74,57.51,550,146,1.68,23,20.87,57.34,591,348,2.58,23,21.32,38.22,451,ERROR
16:04:18,23.89,30.68,493,230,4.66,17,24.88,55.09,587,42,2.05,42,23.66,45.99,424,PAUSED
16:05:18,22.74,53.84,564,170,1.66,32,25.6,45.28,465,18,3.68,23,19.4,46.92,581,ERROR
16:06:18,21.2,34.3,561,175,1.59,45,20.45,48.93,508,431,4.82,39,22.94,49.32,599,IDLE
16:07:18,24.9,31.08,408,177,0.24,6,19.22,45.93,465,363,4.65,45,24.96,56.97,493,IDLE
16:08:18,24.3,31.18,486,234,2.24,15,22.0,35.52,453,59,2.53,33,22.59,48.43,505,PAUSED
16:09:18,27.72,53.27,589,458,1.57,25,21.83,52.98,547,229,2.72,7,27.3,54.76,418,PAUSED
16:10:18,27.02,40.89,506,40,1.24,30,24.59,30.52,529,467,2.52,7,25.75,34.95,416,PRINTING
16:11:18,20.33,54.9,510,314,1.45,47,25.63,32.99,455,55,2.32,31,19.56,55.24,468,PRINTING
16:12:18,25.32,53.14,392,433,2.61,48,18.95,57.06,487,451,5.0,48,23.23,50.31,477,PAUSED
16:13:18,,,,,,,20.85,33.5,591,497,2.11,34,19.5,37.68,516,PRINTING
16:14:18,24.76,35.36,415,22,3.59,26,20.52,49.62,530,493,1.96,26,22.6,46.07,430,IDLE
16:15:18,27.29,58.56,419,240,2.62,33,24.48,39.02,425,470,2.26,2,26.33,47.08,515,PRINTING
16:16:18,22.29,52.94,583,361,3.48,40,27.65,36.98,431,306,3.03,26,24.77,44.41,514,ERROR
16:17:18,25.33,37.12,461,207,1.81,19,25.9,47.95,498,211,2.72,43,21.24,34.17,451,PAUSED
16:18:18,27.17,53.57,567,204,1.5,26,23.56,50.9,423,366,1.47,11,19.87,36.13,543,PRINTING
16:19:18,22.56,33.33,539,7,4.24,50,,,,,,,19.03,53.46,538,PRINTING
16:20:18,21.71,48.64,523,117,0.93,22,21.84,35.55,468,451,2.35,25,19.16,39.63,512,IDLE
16:21:18,27.75,48.82,417,422,0.53,48,24.61,55.27,429,481,4.46,19,26.46,30.06,555,ERROR
16:22:18,20.93,53.7,475,349,2.5,47,20.55,34.87,577,491,0.46,49,26.66,30.72,566,PRINTING
16:23:18,24.46,49.5,451,360,4.85,30,21.14,44.13,477,488,1.44,2,23.09,58.75,406,ERROR
16:24:18,20.26,32.37,507,24,1.26,39,20.36,48.07,459,189,0.99,49,18.26,35.98,389,ERROR
16:25:18,26.17,31.44,506,292,3.51,36,20.79,39.82,598,173,3.9,24,21.34,44.03,593,PAUSED
16:26:18,23.19,47.51,456,236,1.17,48,20.22,52.06,591,164,4.34,1,22.5,39.76,391,IDLE
16:27:18,27.94,31.07,576,62,1.59,30,25.98,42.18,600,54,0.83,24,18.59,30.2,407,ERROR
16:28:18,24.15,46.29,499,461,4.14,48,18.22,54.68,452,228,4.16,15,20.11,47.66,471,ERROR
16:29:18,24.45,43.99,444,299,2.43,29,22.05,44.8,523,118,4.92,7,18.5,33.39,543,PAUSED
16:30:18,19.56,31.17,447,217,1.69,30,25.08,44.95,534,334,3.19,8,18.09,44.21,552,ERROR
16:31:18,25.05,31.64,501,243,2.37,16,25.55,48.5,406,440,4.61,36,21.69,49.2,476,IDLE
16:32:18,23.18,36.94,524,495,4.29,46,21.66,56.04,537,337,0.37,2,25.81,58.66,417,PAUSED
16:33:18,18.83,49.31,545,255,3.5,31,24.4,36.57,544,129,3.23,46,24.84,36.65,561,PAUSED
16:34:18,19.35,43.2,488,65,4.66,10,,,,,,,24.21,33.35,515,PRINTING
16:35:18,23.34,48.13,425,58,0.29,37,26.58,56.37,388,401,0.71,29,24.75,44.1,445,PAUSED
16:36:18,21.9,53.58,524,496,2.68,19,26.57,47.02,433,368,1.19,49,25.32,48.05,479,PRINTING
16:37:18,21.58,37.04,492,181,3.66,27,23.48,53.42,545,151,1.01,44,21.32,36.25,400,PAUSED
16:38:18,26.74,58.39,567,227,3.46,49,26.13,54.53,442,238,0.16,28,18.78,33.48,556,ERROR
16:39:18,19.25,45.72,556,68,2.37,3,21.4,38.38,577,119,4.46,24,,,,ERROR
16:40:18,23.64,39.72,445,217,2.3,9,18.65,33.22,583,207,4.69,37,20.11,46.18,516,ERROR
16:41:18,20.73,56.49,582,462,0.88,35,18.13,37.1,583,99,2.33,11,22.86,36.78,565,PAUSED
16:42:18,19.49,56.22,432,467,0.48,48,22.32,39.55,545,194,0.36,41,18.41,34.26,525,IDLE
16:43:18,18.03,58.47,592,433,2.31,5,20.02,45.48,492,151,1.99,46,24.79,48.47,396,ERROR
16:44:18,21.4,44.27,574,260,1.2,25,25.45,36.98,560,191,2.73,17,22.14,49.49,572,PAUSED
16:45:18,26.75,58.16,406,99,0.36,34,21.29,45.94,594,463,0.53,21,19.48,43.47,412,PAUSED
16:46:18,22.2,36.83,591,277,4.57,47,26.77,58.1,474,6,1.77,16,25.25,55.66,529,IDLE
16:47:18,26.63,35.14,444,49,2.09,16,20.74,35.8,474,316,3.51,23,25.02,32.36,445,PRINTING
16:48:18,18.49,41.08,476,147,0.32,13,22.94,41.57,538,456,1.07,41,21.31,52.87,458,PAUSED
16:49:18,27.81,33.62,597,120,4.69,23,27.32,31.83,429,45,5.0,23,,,,PRINTING
16:50:18,24.52,40.28,534,109,1.36,48,24.07,37.44,441,56,3.34,27,22.46,56.14,440,PRINTING
16:51:18,26.27,46.22,432,96,0.03,23,26.59,44.88,477,197,4.85,11,24.89,40.46,483,PAUSED
16:52:18,21.16,59.27,599,446,1.97,10,,,,,,,23.85,42.87,454,PRINTING
16:53:18,18.03,34.81,451,174,1.21,31,24.58,31.44,580,44,1.72,42,18.46,48.12,560,PAUSED
16:54:18,22.58,45.84,386,35,2.14,20,21.56,45.04,547,61,3.58,25,22.42,34.45,587,PRINTING
16:55:18,18.19,33.28,461,486,4.23,26,27.97,36.68,450,2,0.95,42,18.72,35.65,426,PRINTING
16:56:18,21.26,56.72,579,316,4.4,17,20.77,34.14,460,308,4.64,19,27.95,45.91,555,ERROR
16:57:18,18.91,56.57,478,233,4.37,24,27.8,35.06,499,274,1.42,22,23.61,56.1,397,PAUSED
16:58:18,25.09,39.61,534,199,1.79,2,26.57,51.11,529,18,0.46,36,25.02,54.27,459,PRINTING
16:59:18,22.42,36.83,547,117,0.23,42,27.8,31.92,479,223,0.09,26,26.82,54.48,447,PAUSED
17:00:18,21.88,42.67,500,375,3.89,16,22.76,56.17,512,226,0.76,2,23.1,44.89,531,PRINTING
17:01:18,21.7,33.24,503,262,4.55,29,20.94,41.0,600,165,3.19,16,27.87,42.56,498,IDLE
17:02:18,18.57,47.77,456,301,1.81,10,20.47,37.6,400,305,2.03,16,23.07,55.97,396,ERROR
17:03:18,22.49,47.16,482,384,0.17,44,26.14,49.67,444,272,0.74,41,21.6,50.24,575,ERROR
17:04:18,18.85,38.62,419,88,4.41,35,22.9,48.3,532,298,3.23,8,21.7,49.81,467,IDLE
17:05:18,20.1,38.54,574,325,0.94,34,26.08,41.61,432,412,3.3,12,21.51,46.04,543,IDLE
17:06:18,22.57,32.17,547,469,2.8,20,18.61,47.02,447,495,3.98,13,25.46,41.72,463,PAUSED
17:07:18,,,,,,,18.09,37.17,438,127,2.49,25,24.32,45.82,534,IDLE
17:08:18,27.14,53.27,588,117,0.04,41,23.69,31.55,402,114,3.57,17,25.67,48.46,509,PRINTING
17:09:18,21.81,51.75,493,31,2.98,33,25.94,56.43,483,318,4.17,35,18.95,36.37,480,PRINTING
17:10:18,21.43,31.99,510,138,4.82,27,25.93,47.91,588,438,0.27,18,18.11,40.41,549,ERROR
17:11:18,18.49,59.71,534,54,2.07,22,19.86,40.42,459,49,1.85,44,19.88,52.93,414,PAUSED
17:12:18,24.62,48.18,562,15,1.87,41,21.52,54.57,490,325,4.8,44,23.33,52.08,517,IDLE
17:13:18,19.22,38.45,514,223,4.55,50,20.47,58.88,410,296,1.12,47,20.55,31.27,544,IDLE
17:14:18,27.94,33.79,498,441,2.93,8,20.85,48.68,479,327,0.72,5,26.1,47.87,447,IDLE
17:15:18,22.94,56.74,439,325,3.64,1,22.08,57.73,469,399,4.94,2,23.1,31.2,456,PRINTING
17:16:18,20.28,45.49,530,212,2.7,19,23.59,34.22,575,322,2.88,33,24.37,51.14,586,ERROR
17:17:18,24.89,57.55,463,320,1.63,43,24.65,59.21,501,88,4.94,44,18.65,56.19,528,PAUSED
17:18:18,25.49,39.95,442,298,3.74,35,20.06,30.03,427,360,4.4,16,19.91,52.58,547,ERROR
17:19:18,25.67,36.41,383,334,1.04,23,21.75,52.56,411,106,2.71,40,24.46,35.26,567,PAUSED
17:20:18,22.8,58.97,441,11,0.53,20,26.11,37.7,443,11,0.36,27,20.81,57.19,394,ERROR
17:21:18,26.91,54.44,591,390,3.46,42,26.39,34.78,388,229,2.96,9,21.51,40.77,558,PAUSED
17:22:18,20.27,42.35,544,286,1.59,20,22.2,59.84,460,175,1.9,47,25.97,34.01,517,IDLE
17:23:18,18.18,37.07,540,27,1.75,37,19.63,58.59,424,130,3.24,5,24.45,56.34,551,PRINTING
17:24:18,20.93,41.11,542,134,1.24,41,21.55,40.6,470,197,2.09,15,27.48,33.93,498,PRINTING
17:25:18,22.51,47.38,425,241,3.61,30,19.38,56.42,443,300,3.09,39,20.13,37.82,573,PRINTING
17:26:18,23.01,35.43,471,267,0.19,45,22.99,41.46,552,194,3.42,6,19.53,31.7,388,PRINTING
17:27:18,19.78,51.7,434,229,1.76,23,21.39,46.26,538,17,3.79,46,18.69,38.7,537,PAUSED
17:28:18,23.66,44.56,497,478,3.04,14,22.21,32.33,529,492,2.42,7,19.11,38.92,492,IDLE
17:29:18,27.77,51.39,592,41,1.98,0,18.74,45.88,452,178,1.89,18,23.51,35.76,488,IDLE
17:30:18,22.54,56.76,430,6,1.39,33,26.06,41.69,448,135,2.79,22,23.38,55.84,419,PRINTING
17:31:18,21.73,47.4,512,202,3.88,45,27.73,54.61,445,146,2.55,42,23.27,48.58,551,PRINTING
17:32:18,18.99,30.46,465,119,1.87,0,20.48,30.63,508,497,2.38,23,27.97,41.04,469,IDLE
17:33:18,18.78,54.76,576,311,0.3,20,21.88,53.84,525,130,0.84,22,24.86,52.62,516,ERROR
17:34:18,23.39,36.82,578,126,0.23,27,26.5,48.03,566,388,2.58,15,26.34,53.83,497,ERROR
17:35:18,22.19,40.72,504,134,1.5,18,26.66,43.68,543,84,4.76,32,27.98,35.15,488,IDLE
17:36:18,18.94,57.2,391,361,4.07,36,22.3,38.05,594,279,3.66,15,26.64,53.43,569,IDLE
17:37:18,23.6,53.58,580,314,3.78,38,21.61,51.24,566,106,0.13,30,26.53,54.95,408,ERROR
17:38:18,23.04,46.36,564,121,1.43,30,22.35,50.74,534,122,2.88,8,26.83,57.39,528,IDLE
17:39:18,27.69,53.83,492,305,0.13,28,19.37,53.35,571,143,0.57,42,27.07,32.86,432,PAUSED
17:40:18,22.96,55.29,380,128,2.98,50,19.92,35.44,487,380,1.85,35,26.58,56.45,530,ERROR
17:41:18,26.59,31.38,433,263,4.09,50,21.33,58.75,392,245,0.17,24,20.6,46.22,599,PAUSED
17:42:18,19.09,35.11,477,293,0.27,4,18.07,34.32,404,427,0.01,38,25.94,43.81,451,ERROR
17:43:18,22.69,37.36,516,364,4.1,9,21.9,35.56,500,282,3.24,48,22.51,35.57,421,IDLE
17:44:18,19.09,49.01,596,360,0.27,0,21.82,53.55,559,77,0.07,10,27.79,45.77,434,ERROR
17:45:18,18.96,52.7,578,160,2.16,3,19.85,45.87,555,451,1.94,12,23.58,43.24,552,PAUSED
17:46:18,22.63,35.4,383,265,1.82,14,,,,,,,,,,PAUSED
17:47:18,23.17,43.47,384,462,4.8,1,22.31,57.01,569,448,0.47,1,20.34,32.38,549,PAUSED
17:48:18,20.16,41.22,589,200,3.81,34,27.33,52.69,555,42,1.71,1,26.94,36.04,548,PAUSED
17:49:18,21.85,44.31,516,337,1.56,6,19.33,31.86,443,338,1.6,41,20.94,30.28,599,PAUSED
17:50:18,25.15,54.03,399,448,4.25,42,23.27,52.78,458,449,3.84,41,23.09,32.13,508,PAUSED
17:51:18,24.24,42.88,600,197,2.51,17,27.9,47.51,407,49,0.71,35,21.69,36.81,417,PAUSED
17:52:18,22.78,59.66,457,437,1.88,4,26.72,49.87,430,375,3.78,7,24.34,43.14,438,ERROR
17:53:18,24.29,36.8,489,201,1.83,49,24.81,46.81,540,209,1.35,25,24.68,55.97,491,PRINTING
17:54:18,,,,,,,28.0,50.14,385,157,4.15,46,20.61,32.81,535,IDLE
17:55:18,,,,,,,26.47,53.79,458,150,4.75,9,18.72,31.58,483,PAUSED
17:56:18,24.13,54.5,561,385,0.78,1,22.48,58.48,472,138,0.63,37,23.62,48.34,534,IDLE
17:57:18,18.68,42.69,384,400,0.64,4,25.23,41.48,459,120,4.69,0,18.53,55.2,437,IDLE
17:58:18,,,,,,,20.03,59.39,394,240,0.63,24,23.24,56.88,577,ERROR
17:59:18,24.87,40.89,498,100,3.18,41,23.34,57.41,475,157,0.86,3,19.84,40.15,418,PRINTING
18:00:18,23.45,42.63,456,244,0.88,37,19.18,34.73,471,130,1.07,23,21.65,36.43,555,PAUSED
18:01:18,27.65,39.63,428,477,1.48,35,25.32,59.42,531,114,1.66,33,26.8,42.62,583,PAUSED
18:02:18,25.08,49.05,588,430,2.14,40,26.63,47.39,384,90,0.25,29,26.52,47.33,399,ERROR
18:03:18,18.96,57.03,520,353,2.25,21,22.77,49.88,551,460,4.06,4,20.92,55.84,538,ERROR
18:04:18,22.53,50.54,589,351,3.83,37,23.37,45.47,506,20,0.22,13,,,,PAUSED
18:05:18,23.02,33.64,520,40,2.5,38,23.58,44.85,457,349,2.4,38,19.55,31.2,409,IDLE
18:06:18,26.33,55.23,488,428,3.24,1,24.58,58.55,400,259,3.64,17,19.91,44.86,440,IDLE
18:07:18,25.23,46.34,399,165,0.55,9,25.48,57.15,580,480,4.01,31,20.28,49.76,429,PRINTING
18:08:18,23.79,50.45,560,138,4.06,12,22.29,36.42,560,126,0.31,25,20.5,58.57,543,IDLE
18:09:18,20.41,30.03,410,39,0.98,2,20.18,35.59,417,292,4.78,33,23.62,39.13,547,ERROR
18:10:18,19.27,47.66,482,25,3.19,15,22.05,50.2,536,465,2.78,39,26.89,51.1,501,PAUSED
18:11:18,24.11,54.74,550,398,4.21,36,25.39,42.0,520,253,0.63,38,21.94,31.48,515,PAUSED
18:12:18,27.17,34.53,465,485,2.41,48,25.94,36.72,395,403,2.47,3,18.59,40.11,391,PAUSED
18:13:18,20.21,30.52,570,470,2.98,3,21.26,47.77,433,219,2.91,46,26.4,37.14,560,IDLE
18:14:18,20.34,54.43,435,81,4.07,28,20.11,58.38,590,215,2.57,10,,,,IDLE
18:15:18,25.34,36.42,595,329,2.89,46,25.22,40.81,423,450,4.19,22,22.47,43.56,484,PRINTING
18:16:18,27.74,45.93,428,315,0.52,29,25.05,50.28,452,12,1.92,44,23.15,32.55,571,PAUSED
18:17:18,25.31,39.54,539,496,3.54,28,24.87,39.54,529,46,4.77,37,26.68,30.57,583,PAUSED
18:18:18,18.93,53.44,401,8,4.2,26,20.96,37.16,580,348,2.61,44,21.48,31.12,390,IDLE
18:19:18,26.16,32.16,452,135,0.72,45,19.05,46.19,494,175,0.91,0,23.89,36.14,581,PAUSED
18:20:18,19.75,30.31,401,264,1.75,4,20.58,50.28,540,206,2.62,36,,,,PAUSED
18:21:18,18.92,43.23,437,408,2.88,17,26.74,49.21,408,47,3.21,0,20.6,59.42,389,ERROR
18:22:18,23.47,52.35,573,356,2.15,29,23.69,31.76,498,64,0.24,6,24.07,42.44,556,ERROR
18:23:18,27.12,35.71,585,351,4.57,20,24.39,37.65,388,72,2.42,36,25.85,55.91,431,ERROR
18:24:18,22.16,44.92,554,472,3.55,45,24.44,53.07,426,450,2.31,27,19.71,34.16,520,ERROR
18:25:18,23.02,55.7,443,173,1.92,38,20.69,38.11,600,307,0.57,13,22.87,59.46,564,PRINTING
18:26:18,20.29,36.92,382,326,1.36,36,24.97,46.69,561,327,2.18,33,26.26,32.27,544,PRINTING
18:27:18,22.78,43.45,499,366,4.39,31,18.42,56.55,411,122,1.2,41,23.23,53.03,427,ERROR
18:28:18,20.24,47.94,381,163,0.96,20,21.29,39.87,485,88,0.87,29,25.7,52.22,460,ERROR
18:29:18,24.58,51.65,489,237,3.89,9,23.4,46.03,442,399,3.37,44,27.34,54.96,584,IDLE
18:30:18,18.83,59.7,393,270,1.18,34,24.68,55.52,521,102,1.29,39,27.28,33.3,475,ERROR
18:31:18,18.37,44.26,588,355,0.2,22,24.71,53.91,567,178,2.76,18,26.49,33.98,552,PAUSED
18:32:18,,,,,,,25.0,38.12,458,106,0.79,41,18.23,48.08,509,PRINTING
18:33:18,26.87,57.91,451,271,3.74,20,21.29,31.0,427,142,0.19,23,23.93,51.66,522,PRINTING
18:34:18,22.71,35.23,431,171,0.82,29,22.39,36.41,446,293,3.43,10,18.58,36.21,444,PRINTING
18:35:18,19.26,56.09,505,90,1.54,36,25.42,34.69,517,381,2.49,16,19.75,58.48,397,ERROR
18:36:18,25.84,47.43,468,283,1.81,36,27.08,30.25,548,90,0.64,24,19.73,37.53,530,IDLE
18:37:18,25.04,39.76,392,97,0.02,49,25.17,54.37,595,199,1.84,42,26.87,50.28,550,IDLE
18:38:18,21.34,38.9,513,166,4.43,23,27.61,39.48,490,442,3.48,33,,,,PAUSED
18:39:18,19.55,56.91,491,258,0.52,27,19.39,37.84,580,381,4.22,20,27.88,43.07,518,ERROR
18:40:18,20.0,46.83,477,488,0.27,18,20.41,51.74,564,191,3.94,44,,,,IDLE
18:41:18,21.95,35.09,487,367,2.44,38,25.24,32.93,402,275,4.02,33,26.3,36.27,409,IDLE
18:42:18,26.73,56.3,502,231,3.59,21,22.93,53.86,562,125,3.79,35,20.88,58.08,456,IDLE
18:43:18,19.51,36.46,431,467,0.13,47,20.4,31.71,582,101,2.01,50,27.32,43.66,500,IDLE
18:44:18,25.25,49.89,524,418,2.28,45,26.39,52.79,560,99,3.58,8,19.14,33.31,466,IDLE
18:45:18,27.0,51.38,478,402,1.45,30,24.48,49.39,472,185,3.14,23,24.62,49.83,447,PAUSED
18:46:18,24.44,37.82,403,444,3.31,32,22.49,42.78,406,141,1.49,17,22.15,44.73,586,ERROR
18:47:18,26.98,31.47,587,176,3.01,44,19.42,54.44,467,102,2.66,17,27.24,41.22,521,ERROR
18:48:18,26.65,42.67,546,134,4.35,45,,,,,,,27.69,59.36,431,ERROR
18:49:18,26.76,56.45,565,325,2.75,49,20.8,45.51,394,396,1.03,4,25.52,32.32,385,PAUSED
18:50:18,25.99,40.05,588,377,4.41,10,19.84,42.93,568,409,2.7,16,24.38,35.66,428,PAUSED
18:51:18,25.26,59.77,501,362,2.97,42,27.58,37.29,466,81,1.21,20,23.87,56.28,558,PRINTING
18:52:18,22.8,55.1,482,458,3.66,32,24.59,52.94,421,110,3.2,7,25.87,45.86,538,PRINTING
18:53:18,23.62,59.84,419,481,2.27,25,19.52,40.07,592,225,2.09,40,23.92,34.73,419,PRINTING
18:54:18,20.42,50.22,422,250,4.79,30,23.67,55.52,403,106,1.93,35,22.73,30.67,466,PAUSED
18:55:18,,,,,,,27.15,52.32,506,178,1.19,47,19.79,30.34,389,ERROR
18:56:18,22.46,32.39,493,366,2.62,29,,,,,,,26.99,47.44,399,PAUSED
18:57:18,22.61,42.02,587,324,1.0,14,26.43,31.44,459,439,0.34,36,26.88,58.39,464,IDLE
18:58:18,22.22,37.75,516,211,3.89,28,22.92,49.39,546,436,4.94,20,23.93,51.15,576,PAUSED
18:59:18,27.0,53.32,417,321,2.74,43,26.36,34.19,516,471,4.53,26,27.58,33.46,539,ERROR
19:00:18,20.02,31.51,513,397,1.28,28,27.29,48.32,439,161,1.22,42,19.09,30.43,539,PAUSED
19:01:18,21.23,41.35,505,251,0.33,33,19.49,49.91,387,313,4.16,19,19.62,34.81,586,PRINTING
19:02:18,20.05,44.27,408,254,3.53,23,,,,,,,24.98,48.71,600,IDLE
19:03:18,18.34,47.48,385,145,1.49,35,24.47,43.34,532,405,1.26,29,25.29,51.2,516,ERROR
19:04:18,25.93,32.15,580,237,3.72,14,27.47,47.14,392,207,4.09,32,27.34,36.52,396,PRINTING
19:05:18,23.88,43.33,425,42,3.86,10,23.19,32.84,554,264,1.31,36,18.17,31.19,435,IDLE
19:06:18,23.2,41.55,558,186,3.23,47,25.01,41.41,558,350,4.4,27,25.04,58.29,568,ERROR
19:07:18,27.04,33.94,573,166,3.36,6,27.43,55.87,421,457,1.19,36,25.23,47.27,470,PRINTING
19:08:18,21.83,31.5,547,330,0.69,3,25.58,54.84,472,46,2.6,38,18.43,42.13,455,IDLE
19:09:18,24.2,45.63,510,213,2.82,17,24.92,53.6,470,333,1.79,36,24.57,59.38,513,IDLE
19:10:18,19.77,44.83,493,151,2.16,41,24.29,55.41,445,206,2.41,6,21.03,56.18,508,IDLE
19:11:18,26.86,31.33,424,32,3.86,14,22.81,45.14,452,184,3.8,30,18.9,32.55,506,IDLE
19:12:18,26.67,51.34,569,492,3.07,13,,,,,,,23.33,37.42,442,ERROR
19:13:18,20.0,41.57,530,102,2.07,8,24.96,53.85,475,165,2.17,34,23.21,58.8,546,ERROR
19:14:18,23.6,53.35,540,416,4.94,38,21.36,32.72,518,367,1.71,37,20.0,54.17,466,ERROR
19:15:18,21.76,53.59,443,292,3.3,1,27.79,34.96,523,445,4.46,28,25.19,56.27,473,PRINTING
19:16:18,18.8,55.08,535,430,4.38,27,18.32,51.49,421,176,4.73,44,26.71,42.23,392,PAUSED
19:17:18,26.83,51.46,423,319,3.83,18,18.84,41.33,578,428,1.89,30,18.11,52.73,572,ERROR
19:18:18,19.88,42.59,542,176,4.21,28,22.63,53.94,444,433,2.62,48,23.32,43.39,445,PAUSED
19:19:18,25.85,52.26,525,258,0.88,0,21.55,36.87,435,227,2.72,1,,,,ERROR
19:20:18,21.06,55.15,428,183,3.94,1,27.27,52.54,493,75,0.3,23,27.66,48.2,382,PRINTING
19:21:18,23.61,50.59,425,3,4.77,33,24.34,45.2,471,371,4.01,25,24.98,55.8,396,PAUSED
19:22:18,23.55,52.16,554,127,3.15,40,21.0,44.27,525,16,3.19,28,22.27,59.92,532,IDLE
19:23:18,19.26,36.69,479,137,3.97,30,18.92,32.42,499,333,0.52,30,23.66,46.48,412,PAUSED
19:24:18,24.1,31.31,497,307,4.79,45,26.49,47.66,446,29,1.83,0,,,,ERROR
19:25:18,20.07,59.21,436,202,3.71,47,,,,,,,24.76,40.94,416,ERROR
19:26:18,18.37,47.19,561,189,4.43,1,24.82,59.47,386,491,3.04,24,19.82,57.62,556,PAUSED
19:27:18,25.22,54.89,530,332,1.07,10,19.15,55.61,522,430,2.13,11,25.78,55.13,425,PRINTING
19:28:18,26.47,46.49,577,310,3.05,4,18.91,40.85,413,495,4.44,50,24.26,38.08,580,ERROR
19:29:18,23.76,46.65,543,8,4.51,38,21.27,52.87,502,334,1.14,11,19.46,49.83,479,PAUSED
19:30:18,21.36,52.88,412,94,3.64,6,23.43,39.16,501,339,3.94,31,27.39,38.05,420,PAUSED
19:31:18,20.56,40.6,446,302,0.46,38,21.17,32.83,503,269,4.71,39,21.9,54.96,570,ERROR
19:32:18,20.02,54.83,426,233,1.15,27,22.06,31.82,536,177,2.28,28,24.26,42.4,424,ERROR
19:33:18,,,,,,,,,,,,,24.0,37.67,524,PRINTING
19:34:18,19.97,38.76,471,282,4.99,27,25.81,58.34,477,269,1.94,2,26.34,55.75,575,PRINTING
19:35:18,18.68,33.8,493,244,4.36,11,22.03,30.29,396,191,4.45,8,24.31,41.91,581,ERROR
19:36:18,23.02,51.58,572,212,2.94,26,26.64,49.07,486,422,4.84,45,26.65,34.25,590,PAUSED
19:37:19,,,,,,,25.81,56.13,433,120,2.33,1,21.03,32.55,571,PAUSED
19:38:19,25.01,47.15,466,63,2.62,49,21.27,50.32,500,324,4.21,48,21.24,56.67,476,PRINTING
19:39:19,20.32,45.07,386,66,4.44,26,25.01,46.57,426,161,3.91,28,26.12,55.9,383,PAUSED
19:40:19,23.48,57.51,584,394,0.57,14,20.9,38.98,380,329,0.53,26,23.71,55.14,485,IDLE
19:41:19,26.99,40.43,397,146,2.42,31,23.15,40.86,563,384,1.27,20,26.69,52.5,531,ERROR
19:42:19,18.27,53.19,480,277,3.01,3,19.99,32.89,592,124,1.19,12,23.54,41.96,503,ERROR
19:43:19,27.24,47.49,414,446,4.19,28,20.65,50.47,430,240,0.46,3,22.13,43.77,444,PAUSED
19:44:19,19.37,36.29,519,460,2.03,36,18.18,31.78,443,143,0.34,23,27.34,43.85,592,ERROR
19:45:19,27.89,30.82,563,127,3.39,36,26.02,59.3,579,379,0.68,44,27.98,44.59,481,ERROR
19:46:19,18.24,31.94,504,463,4.63,11,25.95,51.08,446,344,1.89,21,24.36,39.19,490,ERROR
19:47:19,23.21,46.16,441,252,0.38,22,25.96,47.37,398,414,0.67,45,23.56,55.98,504,ERROR
19:48:19,18.52,41.14,416,238,1.57,21,26.26,52.6,534,235,2.41,39,23.55,53.68,551,ERROR
19:49:19,25.24,40.18,545,132,2.47,37,25.02,41.76,457,385,1.4,4,24.43,34.39,543,PRINTING
19:50:19,26.83,36.36,498,266,2.08,45,18.49,32.74,439,147,2.8,33,18.11,32.79,458,PRINTING
19:51:19,23.69,59.52,441,66,2.2,23,21.12,47.68,437,186,2.37,36,26.69,37.03,385,PRINTING
19:52:19,23.34,59.82,507,458,2.82,22,27.12,59.4,502,186,2.53,26,24.56,45.97,594,ERROR
19:53:19,26.42,41.63,397,7,1.41,41,19.29,41.97,407,38,2.28,30,23.73,33.17,386,PRINTING
19:54:19,,,,,,,27.3,38.32,582,337,4.16,28,27.67,44.35,497,PRINTING
19:55:19,21.87,45.36,437,132,3.05,44,20.87,40.97,589,251,3.5,12,27.53,54.56,446,ERROR
19:56:19,26.27,35.03,577,386,2.98,18,24.52,53.39,465,46,1.52,14,25.84,34.52,493,ERROR
19:57:19,19.75,53.36,421,125,0.28,22,22.55,32.28,447,357,1.79,13,18.15,34.5,506,PAUSED
19:58:19,24.29,30.62,472,431,2.39,29,21.61,52.41,539,261,4.62,17,18.77,37.5,600,PAUSED
19:59:19,24.46,42.0,581,481,0.75,25,21.37,37.2,504,244,1.32,18,18.53,51.81,493,IDLE
20:00:19,27.29,47.96,430,231,4.5,35,24.27,38.19,563,46,4.07,21,,,,IDLE
20:01:19,21.8,39.89,494,174,0.06,17,22.83,57.18,446,256,3.29,21,27.29,36.07,468,PRINTING
20:02:19,26.38,59.6,393,341,2.22,32,22.48,35.94,508,189,2.18,5,20.08,38.2,545,PAUSED
20:03:19,23.94,51.39,399,109,4.09,11,25.48,49.58,440,467,1.3,7,21.76,41.29,483,PRINTING
20:04:19,25.25,35.64,556,474,4.98,29,,,,,,,21.95,52.64,399,PAUSED
20:05:19,26.67,39.63,507,135,3.29,42,26.15,40.18,394,267,0.62,29,25.34,42.4,542,PRINTING
20:06:19,24.4,33.48,560,287,1.81,27,21.07,44.32,483,398,1.47,24,25.56,53.84,445,PRINTING
20:07:19,22.58,57.02,469,221,3.22,39,20.43,31.99,535,332,0.81,25,18.49,41.36,454,PRINTING
20:08:19,24.62,35.92,599,469,4.13,16,23.33,41.43,458,54,3.0,23,26.64,48.31,554,IDLE
20:09:19,,,,,,,18.06,47.36,405,259,4.21,41,24.3,50.27,503,ERROR
20:10:19,26.79,38.49,569,104,2.41,27,19.56,35.71,493,79,1.97,37,25.55,47.96,404,IDLE
20:11:19,18.22,52.61,596,286,4.83,10,27.8,41.37,555,143,3.1,28,23.38,36.07,426,PRINTING
20:12:19,26.89,53.22,480,176,4.53,1,27.23,53.06,532,173,4.96,46,23.96,33.26,475,PAUSED
20:13:19,23.71,57.12,425,144,0.41,39,18.73,31.69,593,137,3.91,29,25.94,50.12,445,ERROR
20:14:19,22.2,41.92,574,193,4.38,50,20.24,52.86,401,341,4.99,0,19.4,56.0,573,ERROR
20:15:19,24.27,49.67,466,144,2.31,42,25.55,48.3,407,232,3.54,20,23.27,45.51,573,IDLE
20:16:19,25.39,59.68,597,370,4.43,23,26.71,57.23,383,175,3.54,0,25.98,58.24,399,ERROR
20:17:19,23.71,35.18,397,185,2.67,31,26.15,42.68,550,138,3.97,23,19.89,40.55,584,IDLE
20:18:19,23.43,56.42,551,88,3.13,50,22.59,33.94,502,128,2.79,39,21.08,43.91,513,ERROR
20:19:19,18.56,51.98,581,364,2.15,18,23.62,47.62,566,466,0.17,13,19.1,32.29,450,IDLE
20:20:19,18.08,41.55,539,236,3.62,47,25.86,34.81,523,194,4.0,9,20.21,33.99,528,PRINTING
20:21:19,27.04,46.09,419,77,1.39,36,27.25,51.61,430,497,0.76,43,20.83,30.26,473,IDLE
20:22:19,22.8,54.94,399,443,4.16,22,20.97,39.58,491,459,0.2,19,21.08,45.89,393,PRINTING
20:23:19,19.82,37.98,523,424,1.49,8,21.11,35.97,380,286,1.57,10,25.82,40.63,498,ERROR
20:24:19,22.09,48.8,443,275,4.71,20,24.2,44.99,517,178,0.41,49,27.89,46.54,453,IDLE
20:25:19,23.01,56.02,409,62,1.96,30,21.03,37.19,545,277,1.74,33,27.37,31.26,450,IDLE
20:26:19,25.92,39.86,564,299,4.07,15,18.28,54.69,478,339,1.19,12,22.84,52.51,513,ERROR
20:27:19,23.06,35.8,544,45,1.37,27,19.95,31.77,585,358,0.31,16,,,,PAUSED
20:28:19,23.66,32.54,457,131,1.48,0,27.07,41.34,571,236,1.35,29,27.38,54.36,487,IDLE
20:29:19,22.91,44.94,483,85,2.58,4,26.61,52.6,382,463,4.6,48,22.83,38.4,528,PAUSED
20:30:19,20.77,46.14,390,67,2.6,10,23.79,58.11,439,389,4.48,42,20.75,42.28,432,ERROR
20:31:19,19.75,57.68,550,43,3.35,12,24.2,53.64,528,109,0.16,15,20.62,37.68,466,PAUSED
20:32:19,22.19,45.54,508,114,4.43,30,24.38,33.75,597,411,4.89,33,20.5,48.04,434,PRINTING
20:33:19,27.7,53.82,494,377,4.07,43,19.27,55.39,463,447,1.84,26,22.98,36.92,414,IDLE
20:34:19,19.97,57.99,525,140,2.61,39,19.22,34.46,546,363,2.7,16,27.94,56.12,553,IDLE
20:35:19,,,,,,,26.33,51.79,581,142,2.09,30,21.14,42.47,522,IDLE
20:36:19,22.44,51.29,396,242,2.07,45,26.71,46.97,597,117,4.49,45,22.14,59.94,412,IDLE
20:37:19,18.86,49.4,595,264,2.74,25,19.6,45.72,552,83,3.47,42,27.87,30.68,527,PRINTING
20:38:19,25.62,50.4,585,391,2.45,14,24.99,47.04,548,48,2.15,16,24.47,39.28,413,ERROR
20:39:19,24.22,59.13,463,419,0.42,41,23.04,30.56,491,161,2.32,21,26.59,39.1,506,ERROR
20:40:19,20.96,59.17,579,405,0.19,34,26.06,57.45,599,50,2.83,32,22.34,40.15,406,PRINTING
20:41:19,20.97,49.5,421,265,1.64,10,22.54,53.37,546,386,4.38,2,18.49,32.54,553,IDLE
20:42:19,24.27,31.92,480,500,2.29,46,24.22,30.81,481,300,0.2,1,27.57,30.91,552,IDLE
20:43:19,,,,,,,27.64,34.73,407,391,4.61,1,18.71,50.45,524,IDLE
20:44:19,20.84,37.11,428,136,0.58,43,19.18,36.68,420,337,2.97,26,21.05,49.81,528,PRINTING
20:45:19,25.3,45.97,417,420,2.21,37,20.37,31.03,423,212,0.75,23,19.7,46.78,480,PAUSED
20:46:19,23.42,51.43,400,454,4.87,19,20.68,46.75,486,95,3.5,23,22.65,30.59,599,IDLE
20:47:19,21.41,32.48,386,97,4.05,19,19.54,33.62,453,466,3.57,25,23.98,43.01,567,IDLE
20:48:19,26.87,44.63,413,470,3.33,39,25.46,34.29,504,104,0.71,20,20.84,30.97,542,ERROR
20:49:19,18.73,48.91,528,245,3.22,4,21.58,40.96,492,322,3.47,1,19.37,58.87,390,PAUSED
20:50:19,22.79,49.86,467,500,0.63,29,21.98,47.28,583,194,2.34,7,27.18,34.05,387,PAUSED
20:51:19,24.42,59.86,530,202,1.51,48,18.65,58.96,476,283,1.62,47,27.86,50.49,403,IDLE
20:52:19,26.82,49.99,461,127,2.91,7,27.69,33.34,403,167,0.53,11,20.49,38.74,569,IDLE
20:53:19,20.17,35.13,589,469,2.73,23,22.29,50.81,580,401,0.9,50,24.31,32.35,540,PRINTING
20:54:19,18.85,31.79,548,73,2.77,13,23.61,45.66,479,114,4.03,47,25.59,39.54,579,ERROR
20:55:19,18.81,57.42,381,250,4.82,14,18.25,41.79,575,11,2.13,14,27.87,53.55,571,ERROR
20:56:19,,,,,,,21.76,57.18,494,75,0.93,29,27.26,47.69,495,PAUSED
20:57:19,23.29,45.01,557,186,0.64,8,21.15,57.7,542,330,1.87,0,24.12,55.28,567,PAUSED
20:58:19,23.82,41.78,443,309,4.63,14,24.64,49.83,585,459,3.0,38,27.37,47.52,515,ERROR
20:59:19,23.52,53.39,493,499,4.93,32,23.24,41.23,419,433,2.44,42,22.48,55.97,420,PAUSED
21:00:19,26.05,53.1,488,208,2.78,25,22.69,45.73,532,427,3.41,39,19.32,37.95,495,IDLE
21:01:19,18.73,51.0,593,482,3.93,32,25.18,47.69,511,320,1.23,48,21.89,41.83,435,IDLE
21:02:19,19.51,38.79,449,459,1.99,36,,,,,,,21.65,49.0,551,IDLE
21:03:19,21.38,47.12,591,65,3.66,12,26.1,53.22,593,150,0.73,45,21.26,34.64,533,ERROR
21:04:19,18.58,59.81,431,414,4.46,40,25.02,53.53,433,47,4.13,40,21.44,30.71,540,IDLE
21:05:19,23.55,52.29,532,180,0.17,1,,,,,,,22.2,32.57,555,IDLE
21:06:19,20.56,55.86,551,144,0.19,29,26.06,57.61,464,453,4.1,7,18.3,36.03,593,PRINTING
21:07:19,25.93,50.62,567,73,0.19,38,25.77,56.77,518,475,2.89,6,27.18,36.72,432,PAUSED
21:08:19,20.92,41.33,532,374,0.98,23,19.16,53.67,575,488,1.82,27,23.46,41.49,564,IDLE
21:09:19,21.65,37.08,420,16,3.17,47,23.01,42.54,405,59,1.94,42,21.45,59.93,483,IDLE
21:10:19,27.89,37.95,551,249,3.92,18,23.26,34.14,583,96,2.69,13,24.58,34.12,461,PAUSED
21:11:19,20.41,42.55,474,418,2.42,31,26.51,31.23,493,441,3.69,5,23.1,47.34,410,PRINTING
21:12:19,22.59,47.04,545,331,3.22,46,,,,,,,23.41,32.85,519,IDLE
21:13:19,19.1,30.77,468,374,4.17,39,25.75,44.44,502,399,4.34,10,20.56,42.96,559,IDLE
21:14:19,24.33,54.6,584,69,3.52,28,18.89,57.71,506,208,0.74,30,20.07,48.29,414,IDLE
21:15:19,24.36,49.96,413,358,4.83,44,26.95,58.56,498,495,2.66,6,20.68,49.48,588,IDLE
21:16:19,19.36,56.72,413,500,3.07,22,23.95,38.45,533,379,1.22,33,26.01,47.25,535,IDLE
21:17:19,25.95,48.96,424,265,1.23,36,18.76,41.88,488,301,0.06,38,19.38,31.78,559,ERROR
21:18:19,20.8,40.96,470,482,4.59,6,27.79,48.22,451,340,2.99,40,20.5,43.69,552,PRINTING
21:19:19,22.63,52.98,513,281,2.49,9,23.19,44.56,554,31,2.56,6,21.4,31.21,587,PRINTING
21:20:19,21.52,48.15,453,290,4.16,46,19.29,52.56,517,29,1.72,21,25.31,44.05,503,PRINTING
21:21:19,21.99,45.24,466,339,3.32,18,24.24,32.55,482,445,2.59,11,19.07,30.13,599,PRINTING
21:22:19,25.4,52.14,564,321,2.89,3,21.02,32.89,470,65,0.71,5,24.67,53.98,571,IDLE
21:23:19,24.05,44.2,501,376,1.1,26,18.88,56.58,427,383,1.95,8,23.89,41.41,454,PRINTING
21:24:19,25.85,40.87,382,477,1.62,20,24.45,58.15,443,302,2.31,4,27.09,56.16,557,ERROR
21:25:19,19.44,39.28,547,208,3.45,25,26.92,48.44,508,154,1.28,33,26.61,36.54,460,PRINTING
21:26:19,26.61,42.19,570,389,1.59,24,23.03,30.11,472,354,1.76,3,24.71,34.39,572,PAUSED
21:27:19,19.54,38.13,447,66,2.4,36,22.56,50.73,427,305,2.9,12,20.69,35.4,451,PAUSED
21:28:19,18.63,42.82,446,480,4.89,50,19.14,45.07,589,354,2.21,23,23.74,42.66,410,ERROR
21:29:19,23.12,59.27,390,364,0.4,28,25.58,43.98,576,481,3.2,13,22.94,39.5,393,PAUSED
21:30:19,20.74,49.76,454,403,2.38,5,24.2,49.19,438,392,1.2,44,22.05,39.31,391,IDLE
21:31:19,19.84,49.07,432,381,1.28,27,,,,,,,26.16,39.93,414,ERROR
21:32:19,27.52,48.13,444,238,3.33,26,,,,,,,27.18,50.2,471,IDLE
21:33:19,25.91,55.36,594,493,0.78,12,27.36,59.84,504,151,4.88,40,27.82,57.33,387,PRINTING
21:34:19,26.31,37.35,467,89,3.9,26,,,,,,,19.66,48.48,501,PAUSED
21:35:19,26.22,42.28,418,160,1.86,43,23.83,58.02,413,5,4.25,12,18.22,51.61,410,IDLE
21:36:19,20.99,51.15,593,487,3.27,2,22.73,45.44,498,210,0.44,39,27.41,41.06,380,ERROR
21:37:19,21.5,53.43,585,48,1.23,50,27.53,53.62,586,228,3.42,26,23.08,30.73,412,ERROR
21:38:19,18.86,34.91,399,255,3.17,34,21.02,33.51,533,320,2.43,34,26.41,58.3,398,PRINTING
21:39:19,26.45,50.68,574,56,4.63,9,21.15,35.05,485,41,1.67,20,20.19,47.09,446,PRINTING
21:40:19,25.48,34.73,528,419,3.66,46,24.48,45.33,505,124,2.27,48,20.93,44.21,426,PRINTING
21:41:19,19.23,30.88,570,300,0.8,37,27.03,35.89,412,378,1.38,40,20.97,44.78,574,ERROR
21:42:19,27.22,55.32,553,38,4.02,11,25.29,48.9,524,233,1.27,6,27.83,39.23,462,PAUSED
21:43:19,25.64,39.95,464,41,2.44,24,26.63,35.0,534,324,2.96,50,27.66,50.38,402,PAUSED
21:44:19,20.47,50.64,504,249,2.61,36,26.47,58.7,541,198,0.41,19,20.88,43.43,572,IDLE
21:45:19,24.83,31.42,522,188,3.21,31,22.35,50.71,513,347,2.69,4,26.56,46.0,485,IDLE
21:46:19,19.3,37.77,558,298,3.57,29,19.91,31.43,437,155,2.43,35,25.95,35.89,481,PAUSED
21:47:19,25.87,54.7,492,345,1.57,41,27.69,44.62,449,200,3.84,13,24.16,37.77,561,IDLE
21:48:19,20.54,54.56,501,499,2.53,4,26.09,37.22,403,428,0.57,2,26.56,56.02,519,ERROR
21:49:19,24.36,53.43,398,247,0.56,28,26.28,48.46,502,327,1.25,47,27.18,48.25,512,PAUSED
21:50:19,22.64,43.68,514,473,4.83,23,18.85,37.64,490,123,1.67,6,19.77,31.89,487,PAUSED
21:51:19,25.66,53.9,502,323,4.42,29,23.33,38.97,413,457,2.67,0,24.97,42.69,412,IDLE
21:52:19,20.69,35.76,383,142,2.52,33,24.21,58.8,533,472,4.55,36,27.05,31.63,436,ERROR
21:53:19,26.93,35.4,381,321,1.18,28,18.02,35.05,565,340,4.36,44,26.41,57.27,388,ERROR
21:54:19,,,,,,,20.88,56.93,591,34,4.96,36,25.82,52.9,460,IDLE
21:55:19,,,,,,,21.52,31.64,580,170,2.78,4,18.3,34.52,398,IDLE
21:56:19,21.04,34.82,455,385,0.61,20,18.66,55.58,524,339,1.29,14,26.81,45.13,430,PAUSED
21:57:19,27.3,41.38,439,419,3.34,29,22.09,51.9,546,383,4.59,27,20.6,32.69,530,PAUSED
21:58:19,27.02,31.47,421,213,3.84,5,21.07,56.56,583,57,2.47,35,22.1,41.22,499,ERROR
21:59:19,20.82,31.17,494,363,0.8,6,25.63,55.56,552,104,4.82,24,20.79,38.72,553,PRINTING
22:00:19,26.11,45.3,545,480,0.98,31,21.73,37.28,574,185,3.03,44,25.13,50.96,427,ERROR
22:01:19,22.17,53.42,553,252,4.87,4,18.56,37.3,558,192,1.49,23,19.43,43.34,563,IDLE
22:02:19,24.4,40.63,585,426,0.94,29,,,,,,,20.16,47.64,589,IDLE
22:03:19,22.43,52.91,495,61,2.21,7,19.92,57.71,449,231,3.86,2,21.98,50.17,544,PAUSED
22:04:19,24.61,39.27,555,460,0.68,32,19.84,43.22,421,295,1.24,31,25.52,51.52,558,PRINTING
22:05:19,21.9,47.1,431,185,4.59,29,18.33,45.41,543,122,4.29,38,18.73,45.17,477,PAUSED
22:06:19,22.63,54.79,425,480,4.76,18,18.97,47.82,396,403,2.58,49,22.23,48.96,535,PAUSED
22:07:19,25.06,42.62,435,457,2.29,22,24.48,36.17,503,19,0.6,14,18.82,44.8,492,IDLE
22:08:19,23.2,41.24,562,432,1.57,2,20.64,57.82,472,401,3.0,5,23.22,54.26,584,ERROR
22:09:19,21.27,51.1,394,293,0.54,13,26.1,32.71,600,139,0.64,35,25.72,55.88,568,IDLE
22:10:19,26.66,54.4,413,259,1.84,21,20.77,37.41,391,52,1.3,24,25.09,53.17,411,PAUSED
22:11:19,24.17,43.23,506,3,2.25,41,24.0,34.08,408,217,1.53,21,26.45,31.3,396,IDLE
22:12:19,23.53,46.86,522,382,0.23,37,24.32,47.86,449,403,4.8,38,21.78,58.0,527,PRINTING
22:13:19,22.97,35.84,446,396,4.54,27,23.56,39.51,432,262,1.54,5,25.7,37.95,548,IDLE
22:14:19,20.24,53.7,495,271,4.17,47,18.86,57.94,492,112,2.09,46,19.98,32.16,472,PAUSED
22:15:19,18.75,31.32,531,115,3.37,13,26.43,48.92,490,389,4.51,2,23.56,53.07,440,ERROR
22:16:19,22.71,39.45,467,384,0.62,45,25.63,42.72,431,370,2.31,41,18.25,58.02,441,ERROR
22:17:19,22.33,39.85,452,428,0.08,43,24.5,47.24,453,426,4.31,31,27.17,54.11,516,PAUSED
22:18:19,19.31,57.2,497,90,0.61,25,26.01,32.95,392,331,0.52,29,22.8,38.29,437,PAUSED
22:19:19,23.45,58.78,498,249,0.76,35,25.39,44.28,447,320,3.74,20,22.82,43.05,415,PRINTING
22:20:19,20.75,50.05,500,361,1.65,24,18.61,58.18,467,35,4.49,27,19.44,48.45,468,PAUSED
22:21:19,27.92,52.25,430,409,3.11,45,20.91,52.16,596,127,2.46,49,26.64,31.02,471,ERROR
22:22:19,26.47,37.34,535,440,4.18,5,20.44,32.07,490,365,2.55,0,24.27,59.76,514,IDLE
22:23:19,20.81,49.52,426,424,4.17,39,,,,,,,20.2,48.31,576,PRINTING
22:24:19,22.0,51.95,428,497,4.76,46,24.33,31.58,433,9,0.62,21,23.24,35.12,466,IDLE
22:25:19,25.26,52.83,381,111,1.25,36,22.12,33.35,434,372,2.8,45,24.24,33.25,571,PRINTING
22:26:19,20.53,49.68,533,201,2.98,20,27.26,41.49,526,487,0.53,3,27.33,30.53,468,PRINTING
22:27:19,23.23,38.65,383,399,4.93,8,18.75,43.67,501,450,1.74,38,19.08,50.17,556,PAUSED
22:28:19,18.92,34.49,590,10,0.07,49,23.57,56.12,527,282,4.14,19,21.82,56.34,431,PAUSED
22:29:19,22.72,46.81,405,217,2.89,22,26.53,30.32,381,468,2.88,22,18.18,47.93,503,PAUSED
22:30:19,19.85,59.19,531,274,4.33,12,20.19,46.85,431,434,3.19,16,19.7,44.38,461,PAUSED
22:31:19,26.73,36.92,456,464,0.96,50,23.16,51.46,492,195,1.37,46,,,,IDLE
22:32:19,21.41,59.6,408,89,0.47,8,27.25,41.24,448,490,3.26,35,19.28,58.05,450,IDLE
22:33:19,24.07,33.58,524,371,1.48,40,19.93,48.94,494,256,3.91,4,21.64,56.69,562,PRINTING
22:34:19,22.28,45.03,438,497,3.87,1,,,,,,,23.12,34.87,465,IDLE
22:35:19,21.28,46.24,393,416,0.75,0,18.54,43.96,574,316,3.82,45,26.41,57.25,427,PRINTING
22:36:19,21.77,46.6,568,491,2.88,19,25.34,36.53,525,129,1.0,49,24.44,32.64,440,PAUSED
22:37:19,23.53,58.41,491,327,3.21,33,18.93,47.78,578,102,4.99,44,19.74,50.8,394,PRINTING
22:38:19,21.33,39.44,439,159,3.41,0,19.71,48.44,576,338,1.64,49,26.59,57.76,544,ERROR
22:39:19,26.81,42.78,418,176,0.72,39,26.45,55.48,510,55,4.05,50,23.36,30.44,515,IDLE
22:40:19,26.55,33.67,546,406,1.75,50,20.79,54.08,593,293,0.83,23,,,,IDLE
22:41:19,21.26,52.91,575,150,0.75,0,19.1,32.18,489,62,1.66,20,25.5,41.77,546,ERROR
22:42:19,21.01,59.3,579,85,3.38,1,18.67,45.45,527,387,0.37,34,20.73,44.65,396,ERROR
22:43:19,24.94,51.79,578,351,0.16,13,19.72,39.88,515,296,1.65,40,21.69,57.63,411,PRINTING
22:44:19,25.5,33.37,410,300,0.84,22,27.09,40.84,448,198,2.0,2,23.42,33.65,572,PAUSED
22:45:19,25.58,58.94,557,388,4.23,6,24.35,38.76,470,90,2.67,17,21.59,57.67,492,PAUSED
22:46:19,20.52,45.36,559,472,3.76,46,23.66,38.51,581,242,0.49,47,19.52,31.89,565,PAUSED
22:47:19,25.33,33.69,430,480,0.11,34,26.47,48.22,418,354,2.41,4,26.26,41.87,554,PAUSED
22:48:19,19.88,56.46,480,210,3.39,33,22.6,43.83,441,270,4.17,43,25.2,50.32,451,PRINTING
22:49:19,18.38,40.79,584,202,3.63,47,,,,,,,19.52,55.68,474,ERROR
22:50:19,26.11,51.87,460,256,2.16,19,26.79,43.16,569,58,2.11,46,20.26,34.85,490,ERROR
22:51:19,21.06,55.76,413,327,4.58,21,26.42,38.1,524,381,3.1,24,23.23,42.41,536,IDLE
22:52:19,21.39,36.25,492,171,0.74,24,19.3,40.85,559,86,0.17,38,25.34,46.8,566,IDLE
22:53:19,21.12,47.54,562,121,4.39,27,25.89,31.91,474,471,4.34,49,27.76,30.23,528,IDLE
22:54:19,27.95,44.1,516,171,1.93,36,26.6,38.26,446,198,2.54,48,21.15,58.33,558,ERROR
22:55:19,19.45,43.38,381,355,4.48,8,26.85,39.85,524,173,0.48,1,25.46,40.87,444,IDLE
22:56:19,20.06,41.52,507,327,1.15,20,26.93,59.18,592,236,0.07,36,27.69,45.92,406,PRINTING
22:57:19,24.7,49.39,593,497,3.65,17,23.0,56.61,537,247,3.94,11,,,,PAUSED
22:58:19,27.48,56.17,497,187,0.22,2,26.05,54.14,553,403,3.06,35,18.77,52.98,508,PAUSED
22:59:19,20.78,34.88,384,455,2.52,2,20.17,50.38,543,418,1.09,11,24.35,36.06,561,IDLE
23:00:19,23.51,44.57,455,106,2.7,2,20.23,49.86,580,406,3.89,13,20.89,52.07,555,ERROR
23:01:19,21.94,46.47,405,109,3.27,3,22.57,39.65,453,248,2.48,9,,,,ERROR
23:02:19,19.59,46.35,578,237,4.67,16,19.74,39.49,466,339,3.17,30,20.48,49.08,500,ERROR
23:03:20,23.62,30.18,516,305,1.02,39,23.13,52.76,399,261,2.17,7,18.66,53.1,533,ERROR
23:04:20,18.97,46.7,595,250,1.55,37,19.7,35.98,512,434,3.24,27,19.65,43.33,413,IDLE
23:05:20,19.88,30.14,485,429,4.32,26,20.14,52.38,487,206,2.11,35,21.39,33.79,509,PRINTING
23:06:20,23.31,54.08,415,148,3.76,9,21.11,56.18,539,325,0.74,6,25.85,52.41,525,ERROR
23:07:20,19.22,42.74,452,376,2.47,3,21.71,53.87,465,358,4.34,44,,,,ERROR
23:08:20,19.92,39.35,496,174,1.03,16,18.79,52.64,431,119,2.01,21,23.16,51.33,523,IDLE
23:09:20,25.87,30.76,598,150,4.77,26,19.8,36.7,429,469,2.4,22,21.0,59.8,496,IDLE
23:10:20,19.16,41.74,586,65,3.92,23,21.91,44.93,405,107,4.87,45,19.9,31.57,547,PRINTING
23:11:20,23.62,55.15,422,168,1.55,8,25.79,47.92,450,341,2.77,25,21.78,35.23,418,ERROR
23:12:20,19.89,53.99,402,67,4.47,45,24.59,54.64,545,87,1.89,39,26.7,35.66,394,PAUSED
23:13:20,20.1,52.64,410,102,3.13,46,26.37,51.69,499,389,3.45,47,19.61,31.36,411,ERROR
23:14:20,25.21,30.31,413,243,1.57,22,,,,,,,20.34,54.13,555,IDLE
23:15:20,27.69,34.05,493,357,0.96,24,18.55,54.63,449,267,4.89,42,23.68,57.12,567,IDLE
23:16:20,21.78,51.43,461,177,4.05,0,26.39,52.38,581,41,4.37,21,,,,PRINTING
23:17:20,25.28,48.41,422,319,2.83,40,24.9,43.14,414,89,1.89,36,26.22,50.67,469,IDLE
23:18:20,24.07,38.26,598,495,0.17,15,25.89,39.17,395,276,0.17,19,26.1,58.86,468,IDLE
23:19:20,26.17,35.49,466,472,3.64,41,23.4,33.46,596,461,4.93,35,21.31,40.7,579,IDLE
23:20:20,23.88,40.53,425,284,4.12,21,21.58,52.76,505,247,0.51,27,18.09,48.89,461,IDLE
23:21:20,25.16,43.34,421,146,2.19,13,26.32,48.08,577,151,3.24,6,25.87,57.62,564,ERROR
23:22:20,25.35,51.73,555,335,1.83,3,21.86,32.79,438,201,3.4,3,22.12,56.12,423,IDLE
23:23:20,22.23,52.85,482,456,2.69,32,21.07,30.65,425,118,1.66,7,18.09,32.71,561,PRINTING
23:24:20,23.92,48.41,441,335,3.93,45,27.02,52.81,566,318,4.59,3,20.63,40.76,486,PRINTING
23:25:20,24.67,50.73,424,26,4.45,46,22.29,36.03,520,78,0.66,48,18.78,38.91,510,PRINTING
23:26:20,23.82,36.39,567,25,1.39,18,26.31,56.75,576,158,4.9,15,26.91,59.01,538,IDLE
23:27:20,22.0,33.7,386,155,3.18,23,23.47,48.64,600,488,1.92,12,26.55,56.9,392,ERROR
23:28:20,22.69,36.45,444,437,2.38,5,26.97,56.12,538,366,4.16,17,22.99,33.23,542,PAUSED
23:29:20,26.38,32.03,580,296,0.96,24,27.76,42.68,469,296,2.54,40,24.05,41.02,585,ERROR
23:30:20,22.43,53.73,468,85,2.82,23,18.83,58.14,471,449,0.26,7,25.86,54.62,556,IDLE
23:31:20,18.1,37.63,430,434,4.16,11,,,,,,,22.09,49.31,572,ERROR
23:32:20,,,,,,,27.26,59.97,408,188,1.51,39,26.05,47.75,477,IDLE
23:33:20,18.99,38.01,558,344,4.08,28,27.35,48.89,533,493,2.21,15,26.74,49.53,548,IDLE
23:34:20,,,,,,,18.27,39.26,514,136,4.68,9,,,,ERROR
23:35:20,18.35,33.11,586,124,2.84,34,21.21,48.28,580,164,4.5,1,26.24,35.72,431,ERROR
23:36:20,26.86,52.83,497,141,1.16,42,,,,,,,26.49,30.52,531,PRINTING
23:37:20,20.19,44.83,495,97,1.55,43,26.38,38.62,403,426,1.6,29,23.75,35.75,422,PAUSED
23:38:20,24.08,45.44,467,160,1.99,46,27.21,54.31,522,318,4.15,24,27.45,46.33,518,ERROR
23:39:20,26.72,39.54,550,490,0.57,43,23.57,42.19,392,179,0.35,31,22.79,42.21,577,PAUSED
23:40:20,20.79,59.78,482,492,1.43,7,18.1,42.23,561,169,1.39,31,19.76,49.0,439,ERROR
23:41:20,22.37,34.62,416,357,1.29,7,23.25,47.59,570,287,0.97,28,19.24,44.35,466,PAUSED
23:42:20,22.4,54.84,508,386,1.6,10,27.76,41.55,553,278,2.89,25,21.28,36.68,531,ERROR
23:43:20,27.14,57.66,435,52,2.19,46,22.73,46.85,407,6,1.54,47,20.06,36.9,585,IDLE
23:44:20,21.58,40.97,563,477,0.83,34,24.06,46.49,395,433,2.41,14,18.9,58.86,499,IDLE
23:45:20,20.72,54.37,564,36,2.0,2,22.65,41.98,481,194,1.44,28,23.91,51.68,562,ERROR
23:46:20,27.35,50.61,427,436,0.41,25,22.9,50.46,444,94,4.23,23,25.65,46.38,409,PRINTING
23:47:20,18.14,39.52,435,7,0.16,12,27.9,52.53,503,166,1.98,33,24.59,58.89,389,ERROR
23:48:20,26.92,38.17,491,157,4.59,9,25.18,31.56,426,35,4.98,31,27.38,48.84,571,PRINTING
23:49:20,23.63,52.4,460,289,4.18,1,25.1,53.58,400,461,2.61,47,21.26,38.52,567,ERROR
23:50:20,26.18,56.35,519,278,3.0,19,21.81,56.36,460,271,0.03,40,22.2,40.82,466,IDLE
23:51:20,22.93,39.53,521,370,4.13,41,20.16,36.26,430,31,3.31,4,22.19,30.77,547,IDLE
23:52:20,,,,,,,24.12,59.02,589,102,2.1,47,21.17,55.55,575,IDLE
23:53:20,,,,,,,20.88,40.75,555,72,0.81,28,21.84,47.5,454,IDLE
23:54:20,27.71,32.74,488,478,4.68,25,22.35,44.88,438,305,2.77,15,26.47,49.52,414,PAUSED
23:55:20,,,,,,,18.15,45.5,566,75,2.72,13,25.77,54.37,506,IDLE
23:56:20,22.3,59.19,453,219,0.05,50,22.91,59.77,581,310,0.81,24,23.76,36.09,592,PAUSED
23:57:20,19.7,35.81,380,285,4.83,10,21.06,49.78,398,209,3.21,43,22.84,38.4,598,PRINTING
23:58:20,25.05,33.18,426,166,3.15,14,21.52,43.09,497,334,0.4,39,25.55,59.59,576,IDLE
23:59:20,25.94,47.21,572,495,1.03,33,24.2,32.18,567,134,2.37,27,18.81,31.64,418,ERROR
